Patient_ID,Arrival_Date,Arrival_Time,Priority,Triage_Start,Triage_End,Triage_Wait_Min,Assessment_Start,Assessment_Duration_Min,Treatment_Start,Treatment_Duration_Min,Doctor,Nurse,Outcome,Total_Time_in_ED_Min
P001,2026-07-01,04:12,Urgent,2026-07-01 04:12,2026-07-01 04:19,0,2026-07-01 04:19,34,2026-07-01 04:53,72,Doctor_1,Nurse_2,Discharged,113
P002,2026-07-01,05:04,Urgent,2026-07-01 05:04,2026-07-01 05:07,0,2026-07-01 05:07,23,2026-07-01 05:30,55,Doctor_2,Nurse_4,Admitted,81
P003,2026-07-01,07:13,Urgent,2026-07-01 07:13,2026-07-01 07:27,0,2026-07-01 07:27,22,2026-07-01 07:49,45,Doctor_3,Nurse_6,Discharged,81
P004,2026-07-01,07:31,Urgent,2026-07-01 07:31,2026-07-01 07:33,0,2026-07-01 07:33,8,2026-07-01 07:41,79,Doctor_4,Nurse_3,Discharged,89
P005,2026-07-01,08:43,Non-Urgent,2026-07-01 08:43,2026-07-01 08:52,0,2026-07-01 08:52,28,2026-07-01 09:20,56,Doctor_1,Nurse_4,Discharged,93
P006,2026-07-01,11:51,Urgent,2026-07-01 11:51,2026-07-01 11:53,0,2026-07-01 11:53,23,2026-07-01 12:16,79,Doctor_2,Nurse_1,Discharged,104
P007,2026-07-01,12:21,Urgent,2026-07-01 12:21,2026-07-01 12:28,0,2026-07-01 12:28,33,2026-07-01 13:01,68,Doctor_4,Nurse_2,Admitted,108
P008,2026-07-01,12:45,Non-Urgent,2026-07-01 12:45,2026-07-01 12:54,0,2026-07-01 12:54,13,2026-07-01 13:07,35,Doctor_3,Nurse_4,Admitted,57
P009,2026-07-01,13:20,Critical,2026-07-01 13:20,2026-07-01 13:24,0,2026-07-01 13:24,16,2026-07-01 13:40,23,Doctor_1,Nurse_6,Discharged,43
P010,2026-07-01,15:28,Urgent,2026-07-01 15:28,2026-07-01 15:41,0,2026-07-01 15:41,44,2026-07-01 16:25,120,Doctor_2,Nurse_5,Discharged,177
P011,2026-07-01,15:43,Non-Urgent,2026-07-01 15:43,2026-07-01 15:53,0,2026-07-01 15:53,60,2026-07-01 16:53,33,Doctor_4,Nurse_4,Discharged,103
P012,2026-07-01,18:53,Urgent,2026-07-01 18:53,2026-07-01 19:06,0,2026-07-01 19:06,23,2026-07-01 19:29,42,Doctor_3,Nurse_2,Discharged,78
P013,2026-07-01,20:29,Critical,2026-07-01 20:29,2026-07-01 20:35,0,2026-07-01 20:35,47,2026-07-01 21:22,33,Doctor_1,Nurse_1,Discharged,86
P014,2026-07-01,21:15,Urgent,2026-07-01 21:15,2026-07-01 21:23,0,2026-07-01 21:23,25,2026-07-01 21:48,88,Doctor_2,Nurse_5,Discharged,121
P015,2026-07-01,21:35,Non-Urgent,2026-07-01 21:35,2026-07-01 21:53,0,2026-07-01 21:53,54,2026-07-01 22:47,29,Doctor_4,Nurse_2,Discharged,101
P016,2026-07-01,22:17,Critical,2026-07-01 22:17,2026-07-01 22:33,0,2026-07-01 22:33,12,2026-07-01 22:45,38,Doctor_3,Nurse_4,Discharged,66
P017,2026-07-02,00:34,Urgent,2026-07-02 00:34,2026-07-02 00:36,0,2026-07-02 00:36,36,2026-07-02 01:12,59,Doctor_1,Nurse_1,Discharged,97
P018,2026-07-02,13:03,Critical,2026-07-02 13:03,2026-07-02 13:07,0,2026-07-02 13:07,39,2026-07-02 13:46,21,Doctor_2,Nurse_2,Discharged,64
P019,2026-07-02,13:28,Critical,2026-07-02 13:28,2026-07-02 13:33,0,2026-07-02 13:33,7,2026-07-02 13:40,97,Doctor_3,Nurse_4,Discharged,109
P020,2026-07-02,13:47,Non-Urgent,2026-07-02 13:47,2026-07-02 13:53,0,2026-07-02 13:53,24,2026-07-02 14:17,43,Doctor_4,Nurse_1,Discharged,73
P021,2026-07-02,14:33,Urgent,2026-07-02 14:33,2026-07-02 14:35,0,2026-07-02 14:35,13,2026-07-02 14:48,83,Doctor_1,Nurse_5,Discharged,98
P022,2026-07-02,15:42,Non-Urgent,2026-07-02 15:42,2026-07-02 15:44,0,2026-07-02 15:44,39,2026-07-02 16:23,98,Doctor_3,Nurse_2,Admitted,139
P023,2026-07-02,18:27,Non-Urgent,2026-07-02 18:27,2026-07-02 18:33,0,2026-07-02 18:33,28,2026-07-02 19:01,23,Doctor_2,Nurse_1,Discharged,57
P024,2026-07-02,18:39,Non-Urgent,2026-07-02 18:39,2026-07-02 18:52,0,2026-07-02 18:52,37,2026-07-02 19:29,44,Doctor_4,Nurse_6,Discharged,94
P025,2026-07-02,19:33,Critical,2026-07-02 19:33,2026-07-02 19:44,0,2026-07-02 19:44,32,2026-07-02 20:16,64,Doctor_1,Nurse_2,Discharged,107
P026,2026-07-03,03:26,Non-Urgent,2026-07-03 03:26,2026-07-03 03:41,0,2026-07-03 03:41,27,2026-07-03 04:08,10,Doctor_3,Nurse_4,Discharged,52
P027,2026-07-03,05:08,Non-Urgent,2026-07-03 05:08,2026-07-03 05:23,0,2026-07-03 05:23,47,2026-07-03 06:10,55,Doctor_2,Nurse_5,Discharged,117
P028,2026-07-03,09:56,Urgent,2026-07-03 09:56,2026-07-03 10:05,0,2026-07-03 10:05,20,2026-07-03 10:25,96,Doctor_4,Nurse_2,Admitted,125
P029,2026-07-03,11:04,Non-Urgent,2026-07-03 11:04,2026-07-03 11:13,0,2026-07-03 11:13,42,2026-07-03 11:55,49,Doctor_1,Nurse_4,Admitted,100
P030,2026-07-03,11:19,Non-Urgent,2026-07-03 11:19,2026-07-03 11:30,0,2026-07-03 11:30,43,2026-07-03 12:13,57,Doctor_3,Nurse_5,Discharged,111
P031,2026-07-03,12:59,Urgent,2026-07-03 12:59,2026-07-03 13:17,0,2026-07-03 13:17,33,2026-07-03 13:50,54,Doctor_2,Nurse_3,Discharged,105
P032,2026-07-03,15:07,Non-Urgent,2026-07-03 15:07,2026-07-03 15:15,0,2026-07-03 15:15,60,2026-07-03 16:15,63,Doctor_4,Nurse_2,Discharged,131
P033,2026-07-03,15:48,Urgent,2026-07-03 15:48,2026-07-03 15:53,0,2026-07-03 15:53,47,2026-07-03 16:40,89,Doctor_1,Nurse_5,Admitted,141
P034,2026-07-03,16:39,Non-Urgent,2026-07-03 16:39,2026-07-03 16:53,0,2026-07-03 16:53,20,2026-07-03 17:13,72,Doctor_3,Nurse_3,Discharged,106
P035,2026-07-03,16:42,Non-Urgent,2026-07-03 16:42,2026-07-03 16:53,0,2026-07-03 16:53,32,2026-07-03 17:25,24,Doctor_2,Nurse_4,Discharged,67
P036,2026-07-03,16:42,Urgent,2026-07-03 16:53,2026-07-03 17:11,11,2026-07-03 17:11,29,2026-07-03 17:40,118,Doctor_4,Nurse_6,Admitted,176
P037,2026-07-03,17:03,Non-Urgent,2026-07-03 17:11,2026-07-03 17:17,8,2026-07-03 17:17,11,2026-07-03 17:28,51,Doctor_1,Nurse_1,Admitted,76
P038,2026-07-03,17:36,Urgent,2026-07-03 17:36,2026-07-03 17:48,0,2026-07-03 17:48,39,2026-07-03 18:27,20,Doctor_3,Nurse_2,Discharged,71
P039,2026-07-03,17:58,Non-Urgent,2026-07-03 17:58,2026-07-03 18:07,0,2026-07-03 18:07,60,2026-07-03 19:07,17,Doctor_2,Nurse_4,Discharged,86
P040,2026-07-03,18:17,Non-Urgent,2026-07-03 18:17,2026-07-03 18:31,0,2026-07-03 18:31,25,2026-07-03 18:56,27,Doctor_1,Nurse_1,Discharged,66
P041,2026-07-03,18:37,Urgent,2026-07-03 18:37,2026-07-03 18:43,0,2026-07-03 18:43,60,2026-07-03 19:43,22,Doctor_4,Nurse_5,Discharged,88
P042,2026-07-03,18:46,Urgent,2026-07-03 18:46,2026-07-03 19:04,0,2026-07-03 19:04,30,2026-07-03 19:34,107,Doctor_3,Nurse_2,Discharged,155
P043,2026-07-03,19:23,Urgent,2026-07-03 19:23,2026-07-03 19:32,0,2026-07-03 19:32,58,2026-07-03 20:30,40,Doctor_1,Nurse_1,Admitted,107
P044,2026-07-03,19:53,Critical,2026-07-03 19:53,2026-07-03 19:55,0,2026-07-03 19:55,11,2026-07-03 20:06,120,Doctor_2,Nurse_3,Admitted,133
P045,2026-07-03,21:53,Critical,2026-07-03 21:53,2026-07-03 21:59,0,2026-07-03 21:59,6,2026-07-03 22:05,54,Doctor_3,Nurse_4,Discharged,66
P046,2026-07-03,22:00,Urgent,2026-07-03 22:00,2026-07-03 22:02,0,2026-07-03 22:02,27,2026-07-03 22:29,13,Doctor_4,Nurse_1,Discharged,42
P047,2026-07-04,06:16,Critical,2026-07-04 06:16,2026-07-04 06:18,0,2026-07-04 06:18,37,2026-07-04 06:55,42,Doctor_2,Nurse_6,Discharged,81
P048,2026-07-04,06:45,Urgent,2026-07-04 06:45,2026-07-04 06:48,0,2026-07-04 06:48,6,2026-07-04 06:54,52,Doctor_1,Nurse_3,Discharged,61
P049,2026-07-04,08:03,Non-Urgent,2026-07-04 08:03,2026-07-04 08:09,0,2026-07-04 08:09,10,2026-07-04 08:19,26,Doctor_3,Nurse_4,Discharged,42
P050,2026-07-04,10:50,Non-Urgent,2026-07-04 10:50,2026-07-04 10:56,0,2026-07-04 10:56,32,2026-07-04 11:28,35,Doctor_4,Nurse_5,Discharged,73
P051,2026-07-04,10:54,Non-Urgent,2026-07-04 10:54,2026-07-04 11:05,0,2026-07-04 11:05,35,2026-07-04 11:40,10,Doctor_1,Nurse_3,Discharged,56
P052,2026-07-04,11:42,Urgent,2026-07-04 11:42,2026-07-04 11:55,0,2026-07-04 11:55,60,2026-07-04 12:55,120,Doctor_2,Nurse_4,Admitted,193
P053,2026-07-04,11:52,Non-Urgent,2026-07-04 11:52,2026-07-04 12:05,0,2026-07-04 12:05,54,2026-07-04 12:59,61,Doctor_3,Nurse_6,Discharged,128
P054,2026-07-04,12:52,Non-Urgent,2026-07-04 12:52,2026-07-04 13:05,0,2026-07-04 13:05,60,2026-07-04 14:05,55,Doctor_4,Nurse_1,Discharged,128
P055,2026-07-04,14:00,Urgent,2026-07-04 14:00,2026-07-04 14:12,0,2026-07-04 14:12,33,2026-07-04 14:45,120,Doctor_1,Nurse_2,Admitted,165
P056,2026-07-04,14:15,Urgent,2026-07-04 14:15,2026-07-04 14:21,0,2026-07-04 14:21,51,2026-07-04 15:12,60,Doctor_2,Nurse_6,Discharged,117
P057,2026-07-04,14:36,Non-Urgent,2026-07-04 14:36,2026-07-04 14:40,0,2026-07-04 14:40,38,2026-07-04 15:18,50,Doctor_3,Nurse_3,Discharged,92
P058,2026-07-04,16:04,Urgent,2026-07-04 16:04,2026-07-04 16:14,0,2026-07-04 16:14,33,2026-07-04 16:47,108,Doctor_4,Nurse_4,Discharged,151
P059,2026-07-04,16:46,Non-Urgent,2026-07-04 16:46,2026-07-04 16:50,0,2026-07-04 16:50,25,2026-07-04 17:15,65,Doctor_1,Nurse_3,Discharged,94
P060,2026-07-04,19:46,Non-Urgent,2026-07-04 19:46,2026-07-04 19:48,0,2026-07-04 19:48,43,2026-07-04 20:31,55,Doctor_2,Nurse_5,Discharged,100
P061,2026-07-04,19:53,Critical,2026-07-04 19:53,2026-07-04 20:00,0,2026-07-04 20:00,9,2026-07-04 20:09,10,Doctor_3,Nurse_1,Discharged,26
P062,2026-07-04,19:54,Critical,2026-07-04 19:54,2026-07-04 20:11,0,2026-07-04 20:11,33,2026-07-04 20:44,37,Doctor_4,Nurse_4,Admitted,87
P063,2026-07-04,20:59,Non-Urgent,2026-07-04 20:59,2026-07-04 21:07,0,2026-07-04 21:07,44,2026-07-04 21:51,34,Doctor_1,Nurse_2,Discharged,86
P064,2026-07-04,23:56,Non-Urgent,2026-07-04 23:56,2026-07-05 00:05,0,2026-07-05 00:05,38,2026-07-05 00:43,32,Doctor_3,Nurse_1,Discharged,79
P065,2026-07-05,05:53,Urgent,2026-07-05 05:53,2026-07-05 06:11,0,2026-07-05 06:11,24,2026-07-05 06:35,65,Doctor_2,Nurse_4,Admitted,107
P066,2026-07-05,06:16,Non-Urgent,2026-07-05 06:16,2026-07-05 06:24,0,2026-07-05 06:24,60,2026-07-05 07:24,12,Doctor_4,Nurse_2,Discharged,80
P067,2026-07-05,08:03,Non-Urgent,2026-07-05 08:03,2026-07-05 08:13,0,2026-07-05 08:13,48,2026-07-05 09:01,111,Doctor_1,Nurse_1,Discharged,169
P068,2026-07-05,09:51,Non-Urgent,2026-07-05 09:51,2026-07-05 09:58,0,2026-07-05 09:58,58,2026-07-05 10:56,108,Doctor_3,Nurse_5,Discharged,173
P069,2026-07-05,09:54,Non-Urgent,2026-07-05 09:54,2026-07-05 09:56,0,2026-07-05 09:56,37,2026-07-05 10:33,43,Doctor_2,Nurse_4,Discharged,82
P070,2026-07-05,11:06,Urgent,2026-07-05 11:06,2026-07-05 11:11,0,2026-07-05 11:11,22,2026-07-05 11:33,29,Doctor_4,Nurse_2,Discharged,56
P071,2026-07-05,13:38,Critical,2026-07-05 13:38,2026-07-05 13:45,0,2026-07-05 13:45,34,2026-07-05 14:19,50,Doctor_1,Nurse_1,Discharged,91
P072,2026-07-05,14:45,Non-Urgent,2026-07-05 14:45,2026-07-05 14:49,0,2026-07-05 14:49,14,2026-07-05 15:03,44,Doctor_2,Nurse_4,Discharged,62
P073,2026-07-05,14:54,Urgent,2026-07-05 14:54,2026-07-05 15:00,0,2026-07-05 15:00,60,2026-07-05 16:00,107,Doctor_3,Nurse_5,Discharged,173
P074,2026-07-05,16:30,Non-Urgent,2026-07-05 16:30,2026-07-05 16:48,0,2026-07-05 16:48,60,2026-07-05 17:48,71,Doctor_4,Nurse_3,Admitted,149
P075,2026-07-05,17:00,Non-Urgent,2026-07-05 17:00,2026-07-05 17:07,0,2026-07-05 17:07,32,2026-07-05 17:39,53,Doctor_1,Nurse_1,Discharged,92
P076,2026-07-05,17:03,Critical,2026-07-05 17:03,2026-07-05 17:13,0,2026-07-05 17:13,31,2026-07-05 17:44,28,Doctor_2,Nurse_6,Discharged,69
P077,2026-07-05,17:22,Non-Urgent,2026-07-05 17:22,2026-07-05 17:24,0,2026-07-05 17:24,45,2026-07-05 18:09,29,Doctor_3,Nurse_4,Discharged,76
P078,2026-07-05,17:29,Urgent,2026-07-05 17:29,2026-07-05 17:31,0,2026-07-05 17:39,48,2026-07-05 18:27,76,Doctor_1,Nurse_2,Admitted,134
P079,2026-07-05,18:37,Non-Urgent,2026-07-05 18:37,2026-07-05 18:41,0,2026-07-05 18:41,15,2026-07-05 18:56,120,Doctor_2,Nurse_6,Discharged,139
P080,2026-07-05,18:57,Urgent,2026-07-05 18:57,2026-07-05 19:01,0,2026-07-05 19:01,34,2026-07-05 19:35,120,Doctor_4,Nurse_4,Discharged,158
P081,2026-07-05,19:06,Non-Urgent,2026-07-05 19:06,2026-07-05 19:10,0,2026-07-05 19:10,60,2026-07-05 20:10,54,Doctor_3,Nurse_3,Discharged,118
P082,2026-07-05,19:59,Non-Urgent,2026-07-05 19:59,2026-07-05 20:01,0,2026-07-05 20:01,9,2026-07-05 20:10,23,Doctor_1,Nurse_5,Discharged,34
P083,2026-07-05,20:00,Urgent,2026-07-05 20:00,2026-07-05 20:05,0,2026-07-05 20:05,23,2026-07-05 20:28,47,Doctor_2,Nurse_1,Discharged,75
P084,2026-07-05,20:18,Non-Urgent,2026-07-05 20:18,2026-07-05 20:23,0,2026-07-05 20:23,10,2026-07-05 20:33,87,Doctor_4,Nurse_2,Discharged,102
P085,2026-07-05,20:20,Non-Urgent,2026-07-05 20:33,2026-07-05 20:35,13,2026-07-05 20:35,29,2026-07-05 21:04,76,Doctor_1,Nurse_5,Discharged,120
P086,2026-07-06,04:27,Non-Urgent,2026-07-06 04:27,2026-07-06 04:39,0,2026-07-06 04:39,25,2026-07-06 05:04,10,Doctor_3,Nurse_3,Discharged,47
P087,2026-07-06,07:15,Non-Urgent,2026-07-06 07:15,2026-07-06 07:21,0,2026-07-06 07:21,11,2026-07-06 07:32,13,Doctor_2,Nurse_4,Discharged,30
P088,2026-07-06,10:40,Non-Urgent,2026-07-06 10:40,2026-07-06 10:51,0,2026-07-06 10:51,46,2026-07-06 11:37,13,Doctor_4,Nurse_5,Discharged,70
P089,2026-07-06,12:59,Urgent,2026-07-06 12:59,2026-07-06 13:01,0,2026-07-06 13:01,7,2026-07-06 13:08,66,Doctor_1,Nurse_3,Discharged,75
P090,2026-07-06,14:04,Non-Urgent,2026-07-06 14:04,2026-07-06 14:06,0,2026-07-06 14:06,10,2026-07-06 14:16,13,Doctor_3,Nurse_4,Discharged,25
P091,2026-07-06,14:16,Critical,2026-07-06 14:16,2026-07-06 14:33,0,2026-07-06 14:33,17,2026-07-06 14:50,39,Doctor_2,Nurse_5,Admitted,73
P092,2026-07-06,15:19,Non-Urgent,2026-07-06 15:19,2026-07-06 15:22,0,2026-07-06 15:22,25,2026-07-06 15:47,43,Doctor_4,Nurse_1,Discharged,71
P093,2026-07-06,16:12,Non-Urgent,2026-07-06 16:12,2026-07-06 16:20,0,2026-07-06 16:20,19,2026-07-06 16:39,96,Doctor_1,Nurse_4,Discharged,123
P094,2026-07-06,16:43,Urgent,2026-07-06 16:43,2026-07-06 17:00,0,2026-07-06 17:00,12,2026-07-06 17:12,108,Doctor_3,Nurse_6,Discharged,137
P095,2026-07-06,18:02,Critical,2026-07-06 18:02,2026-07-06 18:06,0,2026-07-06 18:06,6,2026-07-06 18:12,16,Doctor_2,Nurse_3,Discharged,26
P096,2026-07-06,18:42,Non-Urgent,2026-07-06 18:42,2026-07-06 18:57,0,2026-07-06 18:57,8,2026-07-06 19:05,80,Doctor_4,Nurse_2,Discharged,103
P097,2026-07-06,19:07,Urgent,2026-07-06 19:07,2026-07-06 19:09,0,2026-07-06 19:09,58,2026-07-06 20:07,71,Doctor_1,Nurse_4,Discharged,131
P098,2026-07-06,19:42,Non-Urgent,2026-07-06 19:42,2026-07-06 19:52,0,2026-07-06 19:52,60,2026-07-06 20:52,49,Doctor_3,Nurse_1,Discharged,119
P099,2026-07-06,19:51,Urgent,2026-07-06 19:51,2026-07-06 19:57,0,2026-07-06 19:57,23,2026-07-06 20:20,63,Doctor_2,Nurse_5,Admitted,92
P100,2026-07-06,21:30,Non-Urgent,2026-07-06 21:30,2026-07-06 21:36,0,2026-07-06 21:36,5,2026-07-06 21:41,23,Doctor_4,Nurse_6,Admitted,34
P101,2026-07-06,23:16,Urgent,2026-07-06 23:16,2026-07-06 23:29,0,2026-07-06 23:29,24,2026-07-06 23:53,64,Doctor_1,Nurse_4,Discharged,101
P102,2026-07-07,05:06,Urgent,2026-07-07 05:06,2026-07-07 05:13,0,2026-07-07 05:13,41,2026-07-07 05:54,37,Doctor_2,Nurse_3,Discharged,85
P103,2026-07-07,07:09,Non-Urgent,2026-07-07 07:09,2026-07-07 07:15,0,2026-07-07 07:15,60,2026-07-07 08:15,37,Doctor_3,Nurse_6,Discharged,103
P104,2026-07-07,07:31,Non-Urgent,2026-07-07 07:31,2026-07-07 07:49,0,2026-07-07 07:49,15,2026-07-07 08:04,57,Doctor_4,Nurse_4,Discharged,90
P105,2026-07-07,07:32,Urgent,2026-07-07 07:32,2026-07-07 07:37,0,2026-07-07 07:37,9,2026-07-07 07:46,110,Doctor_1,Nurse_3,Discharged,124
P106,2026-07-07,08:30,Urgent,2026-07-07 08:30,2026-07-07 08:41,0,2026-07-07 08:41,12,2026-07-07 08:53,29,Doctor_2,Nurse_5,Discharged,52
P107,2026-07-07,08:58,Non-Urgent,2026-07-07 08:58,2026-07-07 09:04,0,2026-07-07 09:04,51,2026-07-07 09:55,70,Doctor_1,Nurse_1,Discharged,127
P108,2026-07-07,12:40,Non-Urgent,2026-07-07 12:40,2026-07-07 12:45,0,2026-07-07 12:45,48,2026-07-07 13:33,33,Doctor_4,Nurse_4,Discharged,86
P109,2026-07-07,14:35,Urgent,2026-07-07 14:35,2026-07-07 14:40,0,2026-07-07 14:40,33,2026-07-07 15:13,120,Doctor_3,Nurse_5,Admitted,158
P110,2026-07-07,22:51,Non-Urgent,2026-07-07 22:51,2026-07-07 23:09,0,2026-07-07 23:09,60,2026-07-08 00:09,40,Doctor_2,Nurse_1,Discharged,118
P111,2026-07-08,06:50,Non-Urgent,2026-07-08 06:50,2026-07-08 07:08,0,2026-07-08 07:08,30,2026-07-08 07:38,106,Doctor_1,Nurse_4,Admitted,154
P112,2026-07-08,08:44,Non-Urgent,2026-07-08 08:44,2026-07-08 08:53,0,2026-07-08 08:53,60,2026-07-08 09:53,77,Doctor_4,Nurse_5,Discharged,146
P113,2026-07-08,10:43,Non-Urgent,2026-07-08 10:43,2026-07-08 10:50,0,2026-07-08 10:50,21,2026-07-08 11:11,73,Doctor_3,Nurse_1,Discharged,101
P114,2026-07-08,11:02,Non-Urgent,2026-07-08 11:02,2026-07-08 11:10,0,2026-07-08 11:10,48,2026-07-08 11:58,120,Doctor_2,Nurse_2,Discharged,176
P115,2026-07-08,11:42,Critical,2026-07-08 11:42,2026-07-08 11:49,0,2026-07-08 11:49,19,2026-07-08 12:08,59,Doctor_1,Nurse_3,Discharged,85
P116,2026-07-08,12:21,Non-Urgent,2026-07-08 12:21,2026-07-08 12:32,0,2026-07-08 12:32,29,2026-07-08 13:01,120,Doctor_4,Nurse_6,Discharged,160
P117,2026-07-08,14:26,Non-Urgent,2026-07-08 14:26,2026-07-08 14:44,0,2026-07-08 14:44,32,2026-07-08 15:16,120,Doctor_3,Nurse_1,Discharged,170
P118,2026-07-08,14:52,Non-Urgent,2026-07-08 14:52,2026-07-08 15:10,0,2026-07-08 15:10,23,2026-07-08 15:33,15,Doctor_2,Nurse_3,Discharged,56
P119,2026-07-08,16:39,Critical,2026-07-08 16:39,2026-07-08 16:43,0,2026-07-08 16:43,11,2026-07-08 16:54,26,Doctor_1,Nurse_4,Admitted,41
P120,2026-07-08,17:25,Urgent,2026-07-08 17:25,2026-07-08 17:27,0,2026-07-08 17:27,38,2026-07-08 18:05,62,Doctor_4,Nurse_5,Discharged,102
P121,2026-07-08,18:10,Non-Urgent,2026-07-08 18:10,2026-07-08 18:13,0,2026-07-08 18:13,31,2026-07-08 18:44,100,Doctor_3,Nurse_2,Discharged,134
P122,2026-07-08,20:44,Critical,2026-07-08 20:44,2026-07-08 20:51,0,2026-07-08 20:51,27,2026-07-08 21:18,53,Doctor_2,Nurse_4,Discharged,87
P123,2026-07-08,21:14,Non-Urgent,2026-07-08 21:14,2026-07-08 21:30,0,2026-07-08 21:30,60,2026-07-08 22:30,37,Doctor_1,Nurse_3,Discharged,113
P124,2026-07-08,22:08,Urgent,2026-07-08 22:08,2026-07-08 22:14,0,2026-07-08 22:14,34,2026-07-08 22:48,70,Doctor_4,Nurse_2,Discharged,110
P125,2026-07-09,08:47,Non-Urgent,2026-07-09 08:47,2026-07-09 09:01,0,2026-07-09 09:01,33,2026-07-09 09:34,31,Doctor_3,Nurse_6,Discharged,78
P126,2026-07-09,08:53,Non-Urgent,2026-07-09 08:53,2026-07-09 09:07,0,2026-07-09 09:07,7,2026-07-09 09:14,54,Doctor_2,Nurse_5,Discharged,75
P127,2026-07-09,11:07,Urgent,2026-07-09 11:07,2026-07-09 11:15,0,2026-07-09 11:15,32,2026-07-09 11:47,69,Doctor_1,Nurse_2,Discharged,109
P128,2026-07-09,11:20,Urgent,2026-07-09 11:20,2026-07-09 11:32,0,2026-07-09 11:32,15,2026-07-09 11:47,65,Doctor_4,Nurse_4,Discharged,92
P129,2026-07-09,14:29,Non-Urgent,2026-07-09 14:29,2026-07-09 14:32,0,2026-07-09 14:32,25,2026-07-09 14:57,19,Doctor_2,Nurse_5,Discharged,47
P130,2026-07-09,14:43,Non-Urgent,2026-07-09 14:43,2026-07-09 14:49,0,2026-07-09 14:49,23,2026-07-09 15:12,49,Doctor_3,Nurse_1,Discharged,78
P131,2026-07-09,15:13,Urgent,2026-07-09 15:13,2026-07-09 15:19,0,2026-07-09 15:19,27,2026-07-09 15:46,73,Doctor_1,Nurse_2,Admitted,106
P132,2026-07-09,15:28,Non-Urgent,2026-07-09 15:28,2026-07-09 15:43,0,2026-07-09 15:43,28,2026-07-09 16:11,78,Doctor_4,Nurse_3,Discharged,121
P133,2026-07-09,15:43,Non-Urgent,2026-07-09 15:43,2026-07-09 15:50,0,2026-07-09 15:50,17,2026-07-09 16:07,21,Doctor_2,Nurse_4,Discharged,45
P134,2026-07-09,16:28,Urgent,2026-07-09 16:28,2026-07-09 16:41,0,2026-07-09 16:41,13,2026-07-09 16:54,111,Doctor_3,Nurse_5,Admitted,137
P135,2026-07-09,17:05,Urgent,2026-07-09 17:05,2026-07-09 17:19,0,2026-07-09 17:19,23,2026-07-09 17:42,120,Doctor_1,Nurse_4,Discharged,157
P136,2026-07-09,17:15,Urgent,2026-07-09 17:15,2026-07-09 17:32,0,2026-07-09 17:32,24,2026-07-09 17:56,63,Doctor_2,Nurse_2,Discharged,104
P137,2026-07-09,17:27,Urgent,2026-07-09 17:27,2026-07-09 17:39,0,2026-07-09 17:39,43,2026-07-09 18:22,35,Doctor_4,Nurse_3,Discharged,90
P138,2026-07-09,18:20,Urgent,2026-07-09 18:20,2026-07-09 18:24,0,2026-07-09 18:24,18,2026-07-09 18:42,26,Doctor_3,Nurse_1,Discharged,48
P139,2026-07-09,18:49,Urgent,2026-07-09 18:49,2026-07-09 18:57,0,2026-07-09 18:57,42,2026-07-09 19:39,50,Doctor_1,Nurse_5,Discharged,100
P140,2026-07-09,19:01,Non-Urgent,2026-07-09 19:01,2026-07-09 19:06,0,2026-07-09 19:06,60,2026-07-09 20:06,40,Doctor_2,Nurse_6,Discharged,105
P141,2026-07-09,19:08,Urgent,2026-07-09 19:08,2026-07-09 19:15,0,2026-07-09 19:15,12,2026-07-09 19:27,25,Doctor_4,Nurse_3,Discharged,44
P142,2026-07-09,21:26,Non-Urgent,2026-07-09 21:26,2026-07-09 21:37,0,2026-07-09 21:37,20,2026-07-09 21:57,37,Doctor_3,Nurse_2,Discharged,68
P143,2026-07-09,21:45,Urgent,2026-07-09 21:45,2026-07-09 21:51,0,2026-07-09 21:51,19,2026-07-09 22:10,107,Doctor_4,Nurse_3,Discharged,132
P144,2026-07-10,02:58,Critical,2026-07-10 02:58,2026-07-10 03:06,0,2026-07-10 03:06,5,2026-07-10 03:11,53,Doctor_1,Nurse_6,Admitted,66
P145,2026-07-10,04:34,Non-Urgent,2026-07-10 04:34,2026-07-10 04:40,0,2026-07-10 04:40,38,2026-07-10 05:18,90,Doctor_2,Nurse_4,Discharged,134
P146,2026-07-10,06:37,Non-Urgent,2026-07-10 06:37,2026-07-10 06:41,0,2026-07-10 06:41,6,2026-07-10 06:47,34,Doctor_3,Nurse_3,Discharged,44
P147,2026-07-10,06:48,Urgent,2026-07-10 06:48,2026-07-10 07:01,0,2026-07-10 07:01,21,2026-07-10 07:22,61,Doctor_4,Nurse_6,Admitted,95
P148,2026-07-10,07:46,Urgent,2026-07-10 07:46,2026-07-10 08:00,0,2026-07-10 08:00,28,2026-07-10 08:28,120,Doctor_1,Nurse_2,Admitted,162
P149,2026-07-10,10:59,Urgent,2026-07-10 10:59,2026-07-10 11:07,0,2026-07-10 11:07,44,2026-07-10 11:51,59,Doctor_2,Nurse_5,Discharged,111
P150,2026-07-10,11:03,Non-Urgent,2026-07-10 11:03,2026-07-10 11:20,0,2026-07-10 11:20,56,2026-07-10 12:16,120,Doctor_3,Nurse_1,Discharged,193
P151,2026-07-10,11:12,Urgent,2026-07-10 11:12,2026-07-10 11:16,0,2026-07-10 11:16,15,2026-07-10 11:31,91,Doctor_4,Nurse_2,Admitted,110
P152,2026-07-10,11:47,Urgent,2026-07-10 11:47,2026-07-10 11:49,0,2026-07-10 11:49,24,2026-07-10 12:13,74,Doctor_1,Nurse_6,Admitted,100
P153,2026-07-10,11:48,Critical,2026-07-10 11:48,2026-07-10 11:53,0,2026-07-10 11:53,25,2026-07-10 12:18,29,Doctor_4,Nurse_4,Discharged,59
P154,2026-07-10,11:55,Urgent,2026-07-10 11:55,2026-07-10 12:04,0,2026-07-10 12:04,23,2026-07-10 12:27,75,Doctor_2,Nurse_3,Discharged,107
P155,2026-07-10,13:33,Non-Urgent,2026-07-10 13:33,2026-07-10 13:40,0,2026-07-10 13:40,58,2026-07-10 14:38,92,Doctor_1,Nurse_5,Discharged,157
P156,2026-07-10,15:28,Non-Urgent,2026-07-10 15:28,2026-07-10 15:34,0,2026-07-10 15:34,9,2026-07-10 15:43,12,Doctor_3,Nurse_6,Admitted,27
P157,2026-07-10,15:41,Urgent,2026-07-10 15:41,2026-07-10 15:59,0,2026-07-10 15:59,34,2026-07-10 16:33,51,Doctor_4,Nurse_3,Discharged,103
P158,2026-07-10,16:21,Critical,2026-07-10 16:21,2026-07-10 16:35,0,2026-07-10 16:35,20,2026-07-10 16:55,36,Doctor_2,Nurse_2,Discharged,70
P159,2026-07-10,17:00,Urgent,2026-07-10 17:00,2026-07-10 17:06,0,2026-07-10 17:06,38,2026-07-10 17:44,44,Doctor_1,Nurse_4,Discharged,88
P160,2026-07-10,17:52,Urgent,2026-07-10 17:52,2026-07-10 17:54,0,2026-07-10 17:54,29,2026-07-10 18:23,65,Doctor_3,Nurse_1,Discharged,96
P161,2026-07-10,18:08,Non-Urgent,2026-07-10 18:08,2026-07-10 18:22,0,2026-07-10 18:22,22,2026-07-10 18:44,45,Doctor_4,Nurse_3,Discharged,81
P162,2026-07-10,20:08,Non-Urgent,2026-07-10 20:08,2026-07-10 20:15,0,2026-07-10 20:15,29,2026-07-10 20:44,10,Doctor_2,Nurse_5,Discharged,46
P163,2026-07-10,20:57,Non-Urgent,2026-07-10 20:57,2026-07-10 21:08,0,2026-07-10 21:08,30,2026-07-10 21:38,44,Doctor_1,Nurse_4,Discharged,85
P164,2026-07-10,21:05,Non-Urgent,2026-07-10 21:05,2026-07-10 21:17,0,2026-07-10 21:17,25,2026-07-10 21:42,50,Doctor_3,Nurse_3,Discharged,87
P165,2026-07-10,23:26,Non-Urgent,2026-07-10 23:26,2026-07-10 23:29,0,2026-07-10 23:29,18,2026-07-10 23:47,41,Doctor_4,Nurse_5,Discharged,62
P166,2026-07-11,04:31,Non-Urgent,2026-07-11 04:31,2026-07-11 04:49,0,2026-07-11 04:49,44,2026-07-11 05:33,18,Doctor_2,Nurse_1,Discharged,80
P167,2026-07-11,06:25,Critical,2026-07-11 06:25,2026-07-11 06:34,0,2026-07-11 06:34,24,2026-07-11 06:58,61,Doctor_1,Nurse_3,Admitted,94
P168,2026-07-11,07:03,Urgent,2026-07-11 07:03,2026-07-11 07:12,0,2026-07-11 07:12,32,2026-07-11 07:44,24,Doctor_3,Nurse_5,Discharged,65
P169,2026-07-11,09:07,Urgent,2026-07-11 09:07,2026-07-11 09:17,0,2026-07-11 09:17,18,2026-07-11 09:35,66,Doctor_4,Nurse_1,Admitted,94
P170,2026-07-11,09:19,Non-Urgent,2026-07-11 09:19,2026-07-11 09:29,0,2026-07-11 09:29,60,2026-07-11 10:29,77,Doctor_2,Nurse_2,Discharged,147
P171,2026-07-11,11:36,Critical,2026-07-11 11:36,2026-07-11 11:39,0,2026-07-11 11:39,10,2026-07-11 11:49,57,Doctor_1,Nurse_5,Discharged,70
P172,2026-07-11,14:25,Non-Urgent,2026-07-11 14:25,2026-07-11 14:27,0,2026-07-11 14:27,23,2026-07-11 14:50,111,Doctor_3,Nurse_4,Discharged,136
P173,2026-07-11,18:08,Non-Urgent,2026-07-11 18:08,2026-07-11 18:17,0,2026-07-11 18:17,18,2026-07-11 18:35,21,Doctor_4,Nurse_3,Discharged,48
P174,2026-07-11,18:43,Non-Urgent,2026-07-11 18:43,2026-07-11 18:46,0,2026-07-11 18:46,60,2026-07-11 19:46,14,Doctor_2,Nurse_5,Discharged,77
P175,2026-07-11,19:10,Urgent,2026-07-11 19:10,2026-07-11 19:19,0,2026-07-11 19:19,45,2026-07-11 20:04,120,Doctor_1,Nurse_4,Discharged,174
P176,2026-07-11,23:12,Urgent,2026-07-11 23:12,2026-07-11 23:25,0,2026-07-11 23:25,8,2026-07-11 23:33,13,Doctor_3,Nurse_2,Admitted,34
P177,2026-07-11,23:35,Urgent,2026-07-11 23:35,2026-07-11 23:51,0,2026-07-11 23:51,52,2026-07-12 00:43,29,Doctor_4,Nurse_6,Discharged,97
P178,2026-07-12,03:50,Non-Urgent,2026-07-12 03:50,2026-07-12 03:59,0,2026-07-12 03:59,5,2026-07-12 04:04,29,Doctor_2,Nurse_4,Discharged,43
P179,2026-07-12,04:13,Non-Urgent,2026-07-12 04:13,2026-07-12 04:18,0,2026-07-12 04:18,33,2026-07-12 04:51,49,Doctor_1,Nurse_2,Discharged,87
P180,2026-07-12,08:34,Non-Urgent,2026-07-12 08:34,2026-07-12 08:52,0,2026-07-12 08:52,27,2026-07-12 09:19,47,Doctor_3,Nurse_6,Discharged,92
P181,2026-07-12,09:00,Urgent,2026-07-12 09:00,2026-07-12 09:04,0,2026-07-12 09:04,60,2026-07-12 10:04,35,Doctor_4,Nurse_1,Admitted,99
P182,2026-07-12,09:51,Urgent,2026-07-12 09:51,2026-07-12 09:59,0,2026-07-12 09:59,19,2026-07-12 10:18,64,Doctor_2,Nurse_2,Discharged,91
P183,2026-07-12,13:18,Urgent,2026-07-12 13:18,2026-07-12 13:31,0,2026-07-12 13:31,19,2026-07-12 13:50,56,Doctor_1,Nurse_5,Discharged,88
P184,2026-07-12,13:49,Non-Urgent,2026-07-12 13:49,2026-07-12 14:07,0,2026-07-12 14:07,48,2026-07-12 14:55,53,Doctor_3,Nurse_6,Discharged,119
P185,2026-07-12,13:53,Non-Urgent,2026-07-12 13:53,2026-07-12 14:11,0,2026-07-12 14:11,19,2026-07-12 14:30,79,Doctor_4,Nurse_2,Discharged,116
P186,2026-07-12,14:26,Urgent,2026-07-12 14:26,2026-07-12 14:30,0,2026-07-12 14:30,47,2026-07-12 15:17,79,Doctor_2,Nurse_4,Discharged,130
P187,2026-07-12,14:50,Non-Urgent,2026-07-12 14:50,2026-07-12 15:08,0,2026-07-12 15:08,14,2026-07-12 15:22,44,Doctor_1,Nurse_3,Discharged,76
P188,2026-07-12,14:55,Urgent,2026-07-12 14:55,2026-07-12 14:57,0,2026-07-12 14:57,24,2026-07-12 15:21,120,Doctor_4,Nurse_5,Admitted,146
P189,2026-07-12,15:13,Non-Urgent,2026-07-12 15:13,2026-07-12 15:17,0,2026-07-12 15:17,44,2026-07-12 16:01,120,Doctor_3,Nurse_1,Discharged,168
P190,2026-07-12,17:13,Critical,2026-07-12 17:13,2026-07-12 17:15,0,2026-07-12 17:15,28,2026-07-12 17:43,76,Doctor_2,Nurse_2,Admitted,106
P191,2026-07-13,02:55,Urgent,2026-07-13 02:55,2026-07-13 02:59,0,2026-07-13 02:59,40,2026-07-13 03:39,120,Doctor_4,Nurse_4,Admitted,164
P192,2026-07-13,06:06,Non-Urgent,2026-07-13 06:06,2026-07-13 06:20,0,2026-07-13 06:20,43,2026-07-13 07:03,61,Doctor_1,Nurse_5,Discharged,118
P193,2026-07-13,07:05,Urgent,2026-07-13 07:05,2026-07-13 07:23,0,2026-07-13 07:23,24,2026-07-13 07:47,65,Doctor_3,Nurse_2,Admitted,107
P194,2026-07-13,11:26,Urgent,2026-07-13 11:26,2026-07-13 11:30,0,2026-07-13 11:30,31,2026-07-13 12:01,56,Doctor_2,Nurse_4,Discharged,91
P195,2026-07-13,12:15,Urgent,2026-07-13 12:15,2026-07-13 12:23,0,2026-07-13 12:23,46,2026-07-13 13:09,64,Doctor_4,Nurse_1,Discharged,118
P196,2026-07-13,14:12,Urgent,2026-07-13 14:12,2026-07-13 14:18,0,2026-07-13 14:18,17,2026-07-13 14:35,114,Doctor_1,Nurse_2,Discharged,137
P197,2026-07-13,14:59,Non-Urgent,2026-07-13 14:59,2026-07-13 15:17,0,2026-07-13 15:17,57,2026-07-13 16:14,120,Doctor_3,Nurse_6,Discharged,195
P198,2026-07-13,15:48,Non-Urgent,2026-07-13 15:48,2026-07-13 15:52,0,2026-07-13 15:52,27,2026-07-13 16:19,120,Doctor_2,Nurse_1,Discharged,151
P199,2026-07-13,15:49,Non-Urgent,2026-07-13 15:49,2026-07-13 16:01,0,2026-07-13 16:01,60,2026-07-13 17:01,50,Doctor_4,Nurse_3,Admitted,122
P200,2026-07-13,16:17,Urgent,2026-07-13 16:17,2026-07-13 16:24,0,2026-07-13 16:24,60,2026-07-13 17:24,54,Doctor_1,Nurse_5,Discharged,121
P201,2026-07-13,17:14,Non-Urgent,2026-07-13 17:14,2026-07-13 17:21,0,2026-07-13 17:21,41,2026-07-13 18:02,34,Doctor_3,Nurse_2,Discharged,82
P202,2026-07-13,20:57,Urgent,2026-07-13 20:57,2026-07-13 21:03,0,2026-07-13 21:03,20,2026-07-13 21:23,36,Doctor_2,Nurse_3,Discharged,62
P203,2026-07-13,21:04,Urgent,2026-07-13 21:04,2026-07-13 21:09,0,2026-07-13 21:09,35,2026-07-13 21:44,38,Doctor_4,Nurse_5,Discharged,78
P204,2026-07-13,23:24,Urgent,2026-07-13 23:24,2026-07-13 23:31,0,2026-07-13 23:31,48,2026-07-14 00:19,70,Doctor_1,Nurse_2,Discharged,125
P205,2026-07-14,01:17,Non-Urgent,2026-07-14 01:17,2026-07-14 01:35,0,2026-07-14 01:35,31,2026-07-14 02:06,69,Doctor_3,Nurse_6,Discharged,118
P206,2026-07-14,02:17,Non-Urgent,2026-07-14 02:17,2026-07-14 02:22,0,2026-07-14 02:22,24,2026-07-14 02:46,20,Doctor_2,Nurse_5,Discharged,49
P207,2026-07-14,03:24,Non-Urgent,2026-07-14 03:24,2026-07-14 03:26,0,2026-07-14 03:26,47,2026-07-14 04:13,90,Doctor_4,Nurse_2,Discharged,139
P208,2026-07-14,03:54,Non-Urgent,2026-07-14 03:54,2026-07-14 04:00,0,2026-07-14 04:00,42,2026-07-14 04:42,71,Doctor_1,Nurse_3,Discharged,119
P209,2026-07-14,05:41,Urgent,2026-07-14 05:41,2026-07-14 05:43,0,2026-07-14 05:43,34,2026-07-14 06:17,56,Doctor_3,Nurse_6,Discharged,92
P210,2026-07-14,07:37,Non-Urgent,2026-07-14 07:37,2026-07-14 07:46,0,2026-07-14 07:46,19,2026-07-14 08:05,59,Doctor_2,Nurse_4,Discharged,87
P211,2026-07-14,07:55,Non-Urgent,2026-07-14 07:55,2026-07-14 08:07,0,2026-07-14 08:07,17,2026-07-14 08:24,78,Doctor_4,Nurse_5,Discharged,107
P212,2026-07-14,09:12,Urgent,2026-07-14 09:12,2026-07-14 09:15,0,2026-07-14 09:15,52,2026-07-14 10:07,62,Doctor_1,Nurse_6,Discharged,117
P213,2026-07-14,09:13,Urgent,2026-07-14 09:13,2026-07-14 09:22,0,2026-07-14 09:22,8,2026-07-14 09:30,24,Doctor_3,Nurse_2,Admitted,41
P214,2026-07-14,09:42,Urgent,2026-07-14 09:42,2026-07-14 09:46,0,2026-07-14 09:46,8,2026-07-14 09:54,26,Doctor_2,Nurse_3,Admitted,38
P215,2026-07-14,09:56,Non-Urgent,2026-07-14 09:56,2026-07-14 10:06,0,2026-07-14 10:06,39,2026-07-14 10:45,54,Doctor_4,Nurse_5,Discharged,103
P216,2026-07-14,10:09,Urgent,2026-07-14 10:09,2026-07-14 10:17,0,2026-07-14 10:17,43,2026-07-14 11:00,47,Doctor_3,Nurse_2,Admitted,98
P217,2026-07-14,11:09,Non-Urgent,2026-07-14 11:09,2026-07-14 11:11,0,2026-07-14 11:11,56,2026-07-14 12:07,60,Doctor_2,Nurse_4,Discharged,118
P218,2026-07-14,11:22,Urgent,2026-07-14 11:22,2026-07-14 11:26,0,2026-07-14 11:26,5,2026-07-14 11:31,89,Doctor_1,Nurse_6,Discharged,98
P219,2026-07-14,16:25,Non-Urgent,2026-07-14 16:25,2026-07-14 16:34,0,2026-07-14 16:34,5,2026-07-14 16:39,98,Doctor_4,Nurse_3,Discharged,112
P220,2026-07-14,17:47,Urgent,2026-07-14 17:47,2026-07-14 17:56,0,2026-07-14 17:56,34,2026-07-14 18:30,85,Doctor_3,Nurse_2,Discharged,128
P221,2026-07-14,18:28,Urgent,2026-07-14 18:28,2026-07-14 18:37,0,2026-07-14 18:37,23,2026-07-14 19:00,63,Doctor_1,Nurse_4,Discharged,95
P222,2026-07-14,19:50,Critical,2026-07-14 19:50,2026-07-14 19:57,0,2026-07-14 19:57,32,2026-07-14 20:29,120,Doctor_2,Nurse_5,Admitted,159
P223,2026-07-14,20:01,Critical,2026-07-14 20:01,2026-07-14 20:08,0,2026-07-14 20:08,11,2026-07-14 20:19,100,Doctor_4,Nurse_6,Admitted,118
P224,2026-07-14,20:01,Non-Urgent,2026-07-14 20:01,2026-07-14 20:09,0,2026-07-14 20:09,12,2026-07-14 20:21,113,Doctor_3,Nurse_1,Discharged,133
P225,2026-07-14,20:04,Urgent,2026-07-14 20:04,2026-07-14 20:08,0,2026-07-14 20:08,19,2026-07-14 20:27,91,Doctor_1,Nurse_3,Admitted,114
P226,2026-07-14,23:11,Non-Urgent,2026-07-14 23:11,2026-07-14 23:17,0,2026-07-14 23:17,27,2026-07-14 23:44,100,Doctor_4,Nurse_2,Discharged,133
P227,2026-07-14,23:52,Urgent,2026-07-14 23:52,2026-07-14 23:58,0,2026-07-14 23:58,22,2026-07-15 00:20,68,Doctor_3,Nurse_6,Discharged,96
P228,2026-07-15,04:49,Urgent,2026-07-15 04:49,2026-07-15 04:51,0,2026-07-15 04:51,7,2026-07-15 04:58,120,Doctor_1,Nurse_5,Discharged,129
P229,2026-07-15,06:00,Non-Urgent,2026-07-15 06:00,2026-07-15 06:18,0,2026-07-15 06:18,10,2026-07-15 06:28,95,Doctor_2,Nurse_3,Discharged,123
P230,2026-07-15,06:09,Urgent,2026-07-15 06:09,2026-07-15 06:14,0,2026-07-15 06:14,19,2026-07-15 06:33,22,Doctor_4,Nurse_6,Discharged,46
P231,2026-07-15,11:22,Non-Urgent,2026-07-15 11:22,2026-07-15 11:25,0,2026-07-15 11:25,49,2026-07-15 12:14,90,Doctor_3,Nurse_2,Discharged,142
P232,2026-07-15,11:37,Non-Urgent,2026-07-15 11:37,2026-07-15 11:41,0,2026-07-15 11:41,60,2026-07-15 12:41,120,Doctor_1,Nurse_6,Discharged,184
P233,2026-07-15,12:14,Non-Urgent,2026-07-15 12:14,2026-07-15 12:21,0,2026-07-15 12:21,25,2026-07-15 12:46,116,Doctor_2,Nurse_3,Discharged,148
P234,2026-07-15,12:56,Urgent,2026-07-15 12:56,2026-07-15 12:59,0,2026-07-15 12:59,39,2026-07-15 13:38,100,Doctor_4,Nurse_4,Admitted,142
P235,2026-07-15,13:58,Urgent,2026-07-15 13:58,2026-07-15 14:12,0,2026-07-15 14:12,60,2026-07-15 15:12,120,Doctor_3,Nurse_1,Discharged,194
P236,2026-07-15,14:14,Non-Urgent,2026-07-15 14:14,2026-07-15 14:18,0,2026-07-15 14:18,24,2026-07-15 14:42,43,Doctor_1,Nurse_5,Discharged,71
P237,2026-07-15,14:35,Urgent,2026-07-15 14:35,2026-07-15 14:37,0,2026-07-15 14:37,40,2026-07-15 15:17,20,Doctor_2,Nurse_2,Discharged,62
P238,2026-07-15,16:42,Critical,2026-07-15 16:42,2026-07-15 17:00,0,2026-07-15 17:00,38,2026-07-15 17:38,41,Doctor_4,Nurse_3,Discharged,97
P239,2026-07-15,18:15,Urgent,2026-07-15 18:15,2026-07-15 18:26,0,2026-07-15 18:26,18,2026-07-15 18:44,40,Doctor_1,Nurse_5,Admitted,69
P240,2026-07-15,19:07,Non-Urgent,2026-07-15 19:07,2026-07-15 19:19,0,2026-07-15 19:19,14,2026-07-15 19:33,85,Doctor_3,Nurse_6,Discharged,111
P241,2026-07-15,19:45,Non-Urgent,2026-07-15 19:45,2026-07-15 19:53,0,2026-07-15 19:53,21,2026-07-15 20:14,46,Doctor_2,Nurse_3,Discharged,75
P242,2026-07-15,21:25,Non-Urgent,2026-07-15 21:25,2026-07-15 21:29,0,2026-07-15 21:29,48,2026-07-15 22:17,51,Doctor_4,Nurse_2,Discharged,103
P243,2026-07-15,22:13,Non-Urgent,2026-07-15 22:13,2026-07-15 22:24,0,2026-07-15 22:24,59,2026-07-15 23:23,26,Doctor_1,Nurse_1,Admitted,96
P244,2026-07-15,22:30,Urgent,2026-07-15 22:30,2026-07-15 22:45,0,2026-07-15 22:45,30,2026-07-15 23:15,36,Doctor_3,Nurse_3,Admitted,81
P245,2026-07-15,22:32,Non-Urgent,2026-07-15 22:32,2026-07-15 22:44,0,2026-07-15 22:44,14,2026-07-15 22:58,10,Doctor_2,Nurse_5,Discharged,36
P246,2026-07-16,03:25,Urgent,2026-07-16 03:25,2026-07-16 03:30,0,2026-07-16 03:30,34,2026-07-16 04:04,120,Doctor_4,Nurse_6,Discharged,159
P247,2026-07-16,03:41,Non-Urgent,2026-07-16 03:41,2026-07-16 03:59,0,2026-07-16 03:59,6,2026-07-16 04:05,120,Doctor_2,Nurse_5,Discharged,144
P248,2026-07-16,04:34,Critical,2026-07-16 04:34,2026-07-16 04:38,0,2026-07-16 04:38,24,2026-07-16 05:02,120,Doctor_3,Nurse_3,Admitted,148
P249,2026-07-16,06:40,Non-Urgent,2026-07-16 06:40,2026-07-16 06:49,0,2026-07-16 06:49,19,2026-07-16 07:08,51,Doctor_1,Nurse_2,Discharged,79
P250,2026-07-16,08:06,Urgent,2026-07-16 08:06,2026-07-16 08:11,0,2026-07-16 08:11,30,2026-07-16 08:41,120,Doctor_4,Nurse_6,Discharged,155
P251,2026-07-16,10:51,Critical,2026-07-16 10:51,2026-07-16 11:09,0,2026-07-16 11:09,23,2026-07-16 11:32,44,Doctor_2,Nurse_4,Admitted,85
P252,2026-07-16,11:34,Urgent,2026-07-16 11:34,2026-07-16 11:40,0,2026-07-16 11:40,30,2026-07-16 12:10,92,Doctor_3,Nurse_2,Admitted,128
P253,2026-07-16,11:57,Urgent,2026-07-16 11:57,2026-07-16 12:13,0,2026-07-16 12:13,7,2026-07-16 12:20,109,Doctor_1,Nurse_6,Discharged,132
P254,2026-07-16,12:55,Urgent,2026-07-16 12:55,2026-07-16 13:05,0,2026-07-16 13:05,52,2026-07-16 13:57,55,Doctor_4,Nurse_3,Discharged,117
P255,2026-07-16,15:52,Non-Urgent,2026-07-16 15:52,2026-07-16 15:56,0,2026-07-16 15:56,43,2026-07-16 16:39,88,Doctor_2,Nurse_4,Discharged,135
P256,2026-07-16,16:31,Urgent,2026-07-16 16:31,2026-07-16 16:45,0,2026-07-16 16:45,58,2026-07-16 17:43,120,Doctor_3,Nurse_2,Discharged,192
P257,2026-07-16,16:47,Non-Urgent,2026-07-16 16:47,2026-07-16 16:53,0,2026-07-16 16:53,19,2026-07-16 17:12,67,Doctor_1,Nurse_3,Discharged,92
P258,2026-07-16,17:25,Urgent,2026-07-16 17:25,2026-07-16 17:36,0,2026-07-16 17:36,36,2026-07-16 18:12,62,Doctor_4,Nurse_5,Discharged,109
P259,2026-07-16,17:32,Non-Urgent,2026-07-16 17:32,2026-07-16 17:49,0,2026-07-16 17:49,17,2026-07-16 18:06,75,Doctor_2,Nurse_1,Discharged,109
P260,2026-07-16,17:36,Urgent,2026-07-16 17:49,2026-07-16 17:56,13,2026-07-16 17:56,43,2026-07-16 18:39,10,Doctor_1,Nurse_6,Discharged,73
P261,2026-07-16,19:07,Non-Urgent,2026-07-16 19:07,2026-07-16 19:20,0,2026-07-16 19:20,24,2026-07-16 19:44,120,Doctor_3,Nurse_3,Discharged,157
P262,2026-07-16,20:03,Non-Urgent,2026-07-16 20:03,2026-07-16 20:08,0,2026-07-16 20:08,29,2026-07-16 20:37,69,Doctor_2,Nurse_5,Discharged,103
P263,2026-07-16,20:09,Urgent,2026-07-16 20:09,2026-07-16 20:21,0,2026-07-16 20:21,6,2026-07-16 20:27,61,Doctor_4,Nurse_1,Admitted,79
P264,2026-07-16,20:44,Non-Urgent,2026-07-16 20:44,2026-07-16 20:54,0,2026-07-16 20:54,16,2026-07-16 21:10,98,Doctor_1,Nurse_6,Discharged,124
P265,2026-07-16,21:13,Urgent,2026-07-16 21:13,2026-07-16 21:25,0,2026-07-16 21:25,34,2026-07-16 21:59,44,Doctor_3,Nurse_2,Discharged,90
P266,2026-07-17,03:58,Urgent,2026-07-17 03:58,2026-07-17 04:02,0,2026-07-17 04:02,51,2026-07-17 04:53,120,Doctor_4,Nurse_1,Discharged,175
P267,2026-07-17,07:44,Non-Urgent,2026-07-17 07:44,2026-07-17 07:52,0,2026-07-17 07:52,60,2026-07-17 08:52,10,Doctor_2,Nurse_5,Discharged,78
P268,2026-07-17,07:51,Non-Urgent,2026-07-17 07:51,2026-07-17 08:05,0,2026-07-17 08:05,50,2026-07-17 08:55,103,Doctor_1,Nurse_6,Discharged,167
P269,2026-07-17,08:22,Critical,2026-07-17 08:22,2026-07-17 08:28,0,2026-07-17 08:28,22,2026-07-17 08:50,15,Doctor_3,Nurse_1,Admitted,43
P270,2026-07-17,11:09,Urgent,2026-07-17 11:09,2026-07-17 11:15,0,2026-07-17 11:15,60,2026-07-17 12:15,73,Doctor_4,Nurse_2,Admitted,139
P271,2026-07-17,12:33,Non-Urgent,2026-07-17 12:33,2026-07-17 12:43,0,2026-07-17 12:43,60,2026-07-17 13:43,74,Doctor_3,Nurse_5,Discharged,144
P272,2026-07-17,13:34,Non-Urgent,2026-07-17 13:34,2026-07-17 13:49,0,2026-07-17 13:49,60,2026-07-17 14:49,10,Doctor_2,Nurse_6,Discharged,85
P273,2026-07-17,14:01,Non-Urgent,2026-07-17 14:01,2026-07-17 14:05,0,2026-07-17 14:05,41,2026-07-17 14:46,43,Doctor_1,Nurse_4,Discharged,88
P274,2026-07-17,14:20,Non-Urgent,2026-07-17 14:20,2026-07-17 14:27,0,2026-07-17 14:27,30,2026-07-17 14:57,30,Doctor_4,Nurse_1,Discharged,67
P275,2026-07-17,16:25,Non-Urgent,2026-07-17 16:25,2026-07-17 16:35,0,2026-07-17 16:35,12,2026-07-17 16:47,55,Doctor_3,Nurse_2,Discharged,77
P276,2026-07-17,16:43,Urgent,2026-07-17 16:43,2026-07-17 16:50,0,2026-07-17 16:50,26,2026-07-17 17:16,25,Doctor_1,Nurse_6,Discharged,58
P277,2026-07-17,17:59,Non-Urgent,2026-07-17 17:59,2026-07-17 18:05,0,2026-07-17 18:05,11,2026-07-17 18:16,72,Doctor_2,Nurse_4,Discharged,89
P278,2026-07-17,20:29,Urgent,2026-07-17 20:29,2026-07-17 20:34,0,2026-07-17 20:34,29,2026-07-17 21:03,81,Doctor_4,Nurse_5,Discharged,115
P279,2026-07-18,07:00,Non-Urgent,2026-07-18 07:00,2026-07-18 07:06,0,2026-07-18 07:06,12,2026-07-18 07:18,10,Doctor_3,Nurse_2,Discharged,28
P280,2026-07-18,07:54,Urgent,2026-07-18 07:54,2026-07-18 07:59,0,2026-07-18 07:59,23,2026-07-18 08:22,80,Doctor_1,Nurse_4,Discharged,108
P281,2026-07-18,08:18,Non-Urgent,2026-07-18 08:18,2026-07-18 08:30,0,2026-07-18 08:30,7,2026-07-18 08:37,50,Doctor_2,Nurse_5,Discharged,69
P282,2026-07-18,10:11,Non-Urgent,2026-07-18 10:11,2026-07-18 10:14,0,2026-07-18 10:14,9,2026-07-18 10:23,18,Doctor_4,Nurse_2,Discharged,30
P283,2026-07-18,11:49,Non-Urgent,2026-07-18 11:49,2026-07-18 11:57,0,2026-07-18 11:57,47,2026-07-18 12:44,16,Doctor_3,Nurse_3,Discharged,71
P284,2026-07-18,12:32,Non-Urgent,2026-07-18 12:32,2026-07-18 12:36,0,2026-07-18 12:36,37,2026-07-18 13:13,10,Doctor_1,Nurse_4,Discharged,51
P285,2026-07-18,13:06,Urgent,2026-07-18 13:06,2026-07-18 13:09,0,2026-07-18 13:09,52,2026-07-18 14:01,120,Doctor_2,Nurse_2,Discharged,175
P286,2026-07-18,13:07,Non-Urgent,2026-07-18 13:07,2026-07-18 13:09,0,2026-07-18 13:09,23,2026-07-18 13:32,87,Doctor_4,Nurse_5,Discharged,112
P287,2026-07-18,14:02,Urgent,2026-07-18 14:02,2026-07-18 14:04,0,2026-07-18 14:04,13,2026-07-18 14:17,48,Doctor_3,Nurse_1,Admitted,63
P288,2026-07-18,14:12,Urgent,2026-07-18 14:12,2026-07-18 14:14,0,2026-07-18 14:14,60,2026-07-18 15:14,101,Doctor_1,Nurse_4,Discharged,163
P289,2026-07-18,15:10,Urgent,2026-07-18 15:10,2026-07-18 15:15,0,2026-07-18 15:15,16,2026-07-18 15:31,48,Doctor_4,Nurse_6,Discharged,69
P290,2026-07-18,15:18,Urgent,2026-07-18 15:18,2026-07-18 15:23,0,2026-07-18 15:23,20,2026-07-18 15:43,120,Doctor_2,Nurse_1,Discharged,145
P291,2026-07-18,16:04,Critical,2026-07-18 16:04,2026-07-18 16:12,0,2026-07-18 16:12,14,2026-07-18 16:26,23,Doctor_3,Nurse_5,Admitted,45
P292,2026-07-18,16:24,Non-Urgent,2026-07-18 16:24,2026-07-18 16:32,0,2026-07-18 16:32,47,2026-07-18 17:19,21,Doctor_1,Nurse_3,Discharged,76
P293,2026-07-18,19:45,Non-Urgent,2026-07-18 19:45,2026-07-18 20:03,0,2026-07-18 20:03,37,2026-07-18 20:40,17,Doctor_4,Nurse_2,Discharged,72
P294,2026-07-18,21:53,Non-Urgent,2026-07-18 21:53,2026-07-18 22:07,0,2026-07-18 22:07,30,2026-07-18 22:37,53,Doctor_2,Nurse_4,Discharged,97
P295,2026-07-19,00:09,Critical,2026-07-19 00:09,2026-07-19 00:15,0,2026-07-19 00:15,19,2026-07-19 00:34,88,Doctor_3,Nurse_1,Admitted,113
P296,2026-07-19,01:41,Urgent,2026-07-19 01:41,2026-07-19 01:47,0,2026-07-19 01:47,38,2026-07-19 02:25,23,Doctor_1,Nurse_2,Discharged,67
P297,2026-07-19,06:30,Urgent,2026-07-19 06:30,2026-07-19 06:48,0,2026-07-19 06:48,43,2026-07-19 07:31,18,Doctor_4,Nurse_4,Discharged,79
P298,2026-07-19,06:58,Non-Urgent,2026-07-19 06:58,2026-07-19 07:07,0,2026-07-19 07:07,27,2026-07-19 07:34,43,Doctor_2,Nurse_6,Discharged,79
P299,2026-07-19,08:32,Non-Urgent,2026-07-19 08:32,2026-07-19 08:36,0,2026-07-19 08:36,60,2026-07-19 09:36,15,Doctor_3,Nurse_2,Discharged,79
P300,2026-07-19,09:53,Urgent,2026-07-19 09:53,2026-07-19 09:56,0,2026-07-19 09:56,21,2026-07-19 10:17,26,Doctor_1,Nurse_3,Discharged,50
P301,2026-07-19,10:49,Non-Urgent,2026-07-19 10:49,2026-07-19 11:07,0,2026-07-19 11:07,5,2026-07-19 11:12,71,Doctor_4,Nurse_6,Discharged,94
P302,2026-07-19,13:04,Urgent,2026-07-19 13:04,2026-07-19 13:12,0,2026-07-19 13:12,6,2026-07-19 13:18,93,Doctor_2,Nurse_2,Discharged,107
P303,2026-07-19,16:38,Urgent,2026-07-19 16:38,2026-07-19 16:45,0,2026-07-19 16:45,47,2026-07-19 17:32,57,Doctor_3,Nurse_3,Admitted,111
P304,2026-07-19,17:28,Urgent,2026-07-19 17:28,2026-07-19 17:41,0,2026-07-19 17:41,21,2026-07-19 18:02,120,Doctor_1,Nurse_6,Admitted,154
P305,2026-07-19,17:44,Urgent,2026-07-19 17:44,2026-07-19 17:55,0,2026-07-19 17:55,12,2026-07-19 18:07,16,Doctor_4,Nurse_2,Discharged,39
P306,2026-07-19,18:00,Non-Urgent,2026-07-19 18:00,2026-07-19 18:08,0,2026-07-19 18:08,37,2026-07-19 18:45,49,Doctor_2,Nurse_4,Discharged,94
P307,2026-07-19,19:35,Non-Urgent,2026-07-19 19:35,2026-07-19 19:42,0,2026-07-19 19:42,60,2026-07-19 20:42,39,Doctor_3,Nurse_5,Discharged,106
P308,2026-07-20,06:30,Urgent,2026-07-20 06:30,2026-07-20 06:43,0,2026-07-20 06:43,46,2026-07-20 07:29,28,Doctor_1,Nurse_3,Admitted,87
P309,2026-07-20,06:33,Non-Urgent,2026-07-20 06:33,2026-07-20 06:45,0,2026-07-20 06:45,47,2026-07-20 07:32,39,Doctor_4,Nurse_1,Admitted,98
P310,2026-07-20,07:27,Non-Urgent,2026-07-20 07:27,2026-07-20 07:30,0,2026-07-20 07:30,24,2026-07-20 07:54,67,Doctor_2,Nurse_5,Discharged,94
P311,2026-07-20,08:05,Non-Urgent,2026-07-20 08:05,2026-07-20 08:13,0,2026-07-20 08:13,24,2026-07-20 08:37,57,Doctor_3,Nurse_4,Discharged,89
P312,2026-07-20,11:15,Non-Urgent,2026-07-20 11:15,2026-07-20 11:18,0,2026-07-20 11:18,5,2026-07-20 11:23,10,Doctor_1,Nurse_3,Discharged,18
P313,2026-07-20,12:42,Urgent,2026-07-20 12:42,2026-07-20 12:46,0,2026-07-20 12:46,47,2026-07-20 13:33,82,Doctor_4,Nurse_2,Discharged,133
P314,2026-07-20,14:05,Non-Urgent,2026-07-20 14:05,2026-07-20 14:08,0,2026-07-20 14:08,24,2026-07-20 14:32,54,Doctor_2,Nurse_4,Discharged,81
P315,2026-07-20,15:22,Urgent,2026-07-20 15:22,2026-07-20 15:40,0,2026-07-20 15:40,49,2026-07-20 16:29,20,Doctor_3,Nurse_3,Admitted,87
P316,2026-07-20,15:44,Non-Urgent,2026-07-20 15:44,2026-07-20 15:54,0,2026-07-20 15:54,22,2026-07-20 16:16,19,Doctor_1,Nurse_5,Discharged,51
P317,2026-07-20,17:55,Urgent,2026-07-20 17:55,2026-07-20 18:12,0,2026-07-20 18:12,15,2026-07-20 18:27,25,Doctor_4,Nurse_4,Admitted,57
P318,2026-07-20,18:49,Non-Urgent,2026-07-20 18:49,2026-07-20 18:57,0,2026-07-20 18:57,60,2026-07-20 19:57,35,Doctor_2,Nurse_1,Discharged,103
P319,2026-07-20,18:53,Critical,2026-07-20 18:53,2026-07-20 19:04,0,2026-07-20 19:04,5,2026-07-20 19:09,46,Doctor_1,Nurse_3,Discharged,62
P320,2026-07-20,21:39,Urgent,2026-07-20 21:39,2026-07-20 21:41,0,2026-07-20 21:41,54,2026-07-20 22:35,60,Doctor_3,Nurse_4,Discharged,116
P321,2026-07-21,05:51,Non-Urgent,2026-07-21 05:51,2026-07-21 05:57,0,2026-07-21 05:57,24,2026-07-21 06:21,120,Doctor_4,Nurse_5,Discharged,150
P322,2026-07-21,10:04,Non-Urgent,2026-07-21 10:04,2026-07-21 10:14,0,2026-07-21 10:14,19,2026-07-21 10:33,58,Doctor_1,Nurse_1,Discharged,87
P323,2026-07-21,10:35,Urgent,2026-07-21 10:35,2026-07-21 10:44,0,2026-07-21 10:44,18,2026-07-21 11:02,120,Doctor_2,Nurse_4,Discharged,147
P324,2026-07-21,10:54,Non-Urgent,2026-07-21 10:54,2026-07-21 11:12,0,2026-07-21 11:12,56,2026-07-21 12:08,13,Doctor_3,Nurse_5,Admitted,87
P325,2026-07-21,11:24,Non-Urgent,2026-07-21 11:24,2026-07-21 11:41,0,2026-07-21 11:41,58,2026-07-21 12:39,117,Doctor_4,Nurse_2,Discharged,192
P326,2026-07-21,12:13,Urgent,2026-07-21 12:13,2026-07-21 12:21,0,2026-07-21 12:21,30,2026-07-21 12:51,21,Doctor_1,Nurse_1,Discharged,59
P327,2026-07-21,12:36,Non-Urgent,2026-07-21 12:36,2026-07-21 12:42,0,2026-07-21 12:42,47,2026-07-21 13:29,60,Doctor_2,Nurse_5,Discharged,113
P328,2026-07-21,13:39,Urgent,2026-07-21 13:39,2026-07-21 13:44,0,2026-07-21 13:44,10,2026-07-21 13:54,58,Doctor_3,Nurse_3,Admitted,73
P329,2026-07-21,13:40,Non-Urgent,2026-07-21 13:40,2026-07-21 13:42,0,2026-07-21 13:42,32,2026-07-21 14:14,120,Doctor_4,Nurse_1,Discharged,154
P330,2026-07-21,13:58,Urgent,2026-07-21 13:58,2026-07-21 14:02,0,2026-07-21 14:02,56,2026-07-21 14:58,120,Doctor_1,Nurse_6,Discharged,180
P331,2026-07-21,14:12,Urgent,2026-07-21 14:12,2026-07-21 14:15,0,2026-07-21 14:15,52,2026-07-21 15:07,41,Doctor_2,Nurse_4,Discharged,96
P332,2026-07-21,14:40,Non-Urgent,2026-07-21 14:40,2026-07-21 14:52,0,2026-07-21 14:52,33,2026-07-21 15:25,59,Doctor_3,Nurse_2,Discharged,104
P333,2026-07-21,14:49,Non-Urgent,2026-07-21 14:52,2026-07-21 14:59,3,2026-07-21 14:59,14,2026-07-21 15:13,63,Doctor_4,Nurse_5,Discharged,87
P334,2026-07-21,16:40,Non-Urgent,2026-07-21 16:40,2026-07-21 16:58,0,2026-07-21 16:58,54,2026-07-21 17:52,120,Doctor_1,Nurse_4,Discharged,192
P335,2026-07-21,16:59,Non-Urgent,2026-07-21 16:59,2026-07-21 17:02,0,2026-07-21 17:02,23,2026-07-21 17:25,48,Doctor_2,Nurse_5,Discharged,74
P336,2026-07-21,19:05,Non-Urgent,2026-07-21 19:05,2026-07-21 19:07,0,2026-07-21 19:07,52,2026-07-21 19:59,18,Doctor_4,Nurse_3,Admitted,72
P337,2026-07-21,20:35,Non-Urgent,2026-07-21 20:35,2026-07-21 20:53,0,2026-07-21 20:53,16,2026-07-21 21:09,37,Doctor_3,Nurse_1,Discharged,71
P338,2026-07-22,06:37,Non-Urgent,2026-07-22 06:37,2026-07-22 06:40,0,2026-07-22 06:40,23,2026-07-22 07:03,59,Doctor_2,Nurse_2,Discharged,85
P339,2026-07-22,07:04,Urgent,2026-07-22 07:04,2026-07-22 07:22,0,2026-07-22 07:22,35,2026-07-22 07:57,87,Doctor_1,Nurse_3,Admitted,140
P340,2026-07-22,07:40,Urgent,2026-07-22 07:40,2026-07-22 07:42,0,2026-07-22 07:42,28,2026-07-22 08:10,69,Doctor_4,Nurse_1,Discharged,99
P341,2026-07-22,08:32,Urgent,2026-07-22 08:32,2026-07-22 08:50,0,2026-07-22 08:50,24,2026-07-22 09:14,11,Doctor_3,Nurse_4,Discharged,53
P342,2026-07-22,10:15,Non-Urgent,2026-07-22 10:15,2026-07-22 10:21,0,2026-07-22 10:21,16,2026-07-22 10:37,120,Doctor_2,Nurse_2,Discharged,142
P343,2026-07-22,11:22,Urgent,2026-07-22 11:22,2026-07-22 11:34,0,2026-07-22 11:34,28,2026-07-22 12:02,85,Doctor_1,Nurse_1,Admitted,125
P344,2026-07-22,15:30,Urgent,2026-07-22 15:30,2026-07-22 15:38,0,2026-07-22 15:38,41,2026-07-22 16:19,55,Doctor_4,Nurse_4,Discharged,104
P345,2026-07-22,15:53,Non-Urgent,2026-07-22 15:53,2026-07-22 15:55,0,2026-07-22 15:55,44,2026-07-22 16:39,38,Doctor_3,Nurse_5,Discharged,84
P346,2026-07-22,15:59,Urgent,2026-07-22 15:59,2026-07-22 16:11,0,2026-07-22 16:11,38,2026-07-22 16:49,27,Doctor_2,Nurse_1,Discharged,77
P347,2026-07-22,16:07,Urgent,2026-07-22 16:07,2026-07-22 16:15,0,2026-07-22 16:15,37,2026-07-22 16:52,90,Doctor_1,Nurse_6,Discharged,135
P348,2026-07-22,17:44,Non-Urgent,2026-07-22 17:44,2026-07-22 18:00,0,2026-07-22 18:00,25,2026-07-22 18:25,41,Doctor_4,Nurse_3,Discharged,82
P349,2026-07-22,18:45,Non-Urgent,2026-07-22 18:45,2026-07-22 18:54,0,2026-07-22 18:54,23,2026-07-22 19:17,58,Doctor_3,Nurse_1,Discharged,90
P350,2026-07-22,19:47,Urgent,2026-07-22 19:47,2026-07-22 20:00,0,2026-07-22 20:00,23,2026-07-22 20:23,44,Doctor_2,Nurse_2,Discharged,80
P351,2026-07-22,19:58,Critical,2026-07-22 19:58,2026-07-22 20:02,0,2026-07-22 20:02,40,2026-07-22 20:42,28,Doctor_1,Nurse_4,Discharged,72
P352,2026-07-22,20:01,Urgent,2026-07-22 20:01,2026-07-22 20:05,0,2026-07-22 20:05,11,2026-07-22 20:16,20,Doctor_4,Nurse_5,Admitted,35
P353,2026-07-22,21:36,Non-Urgent,2026-07-22 21:36,2026-07-22 21:45,0,2026-07-22 21:45,10,2026-07-22 21:55,17,Doctor_3,Nurse_3,Discharged,36
P354,2026-07-23,04:22,Non-Urgent,2026-07-23 04:22,2026-07-23 04:39,0,2026-07-23 04:39,17,2026-07-23 04:56,60,Doctor_4,Nurse_5,Discharged,94
P355,2026-07-23,04:42,Urgent,2026-07-23 04:42,2026-07-23 04:50,0,2026-07-23 04:50,37,2026-07-23 05:27,120,Doctor_2,Nurse_4,Discharged,165
P356,2026-07-23,07:49,Non-Urgent,2026-07-23 07:49,2026-07-23 07:57,0,2026-07-23 07:57,32,2026-07-23 08:29,102,Doctor_1,Nurse_3,Admitted,142
P357,2026-07-23,09:12,Critical,2026-07-23 09:12,2026-07-23 09:14,0,2026-07-23 09:14,30,2026-07-23 09:44,15,Doctor_3,Nurse_2,Admitted,47
P358,2026-07-23,09:58,Urgent,2026-07-23 09:58,2026-07-23 10:09,0,2026-07-23 10:09,12,2026-07-23 10:21,120,Doctor_4,Nurse_4,Discharged,143
P359,2026-07-23,10:43,Non-Urgent,2026-07-23 10:43,2026-07-23 10:51,0,2026-07-23 10:51,26,2026-07-23 11:17,10,Doctor_2,Nurse_1,Discharged,44
P360,2026-07-23,11:18,Urgent,2026-07-23 11:18,2026-07-23 11:20,0,2026-07-23 11:20,6,2026-07-23 11:26,47,Doctor_1,Nurse_5,Discharged,55
P361,2026-07-23,12:14,Urgent,2026-07-23 12:14,2026-07-23 12:24,0,2026-07-23 12:24,40,2026-07-23 13:04,120,Doctor_3,Nurse_6,Discharged,170
P362,2026-07-23,13:05,Urgent,2026-07-23 13:05,2026-07-23 13:13,0,2026-07-23 13:13,54,2026-07-23 14:07,109,Doctor_4,Nurse_1,Discharged,171
P363,2026-07-23,14:33,Non-Urgent,2026-07-23 14:33,2026-07-23 14:44,0,2026-07-23 14:44,60,2026-07-23 15:44,76,Doctor_2,Nurse_4,Discharged,147
P364,2026-07-23,15:33,Non-Urgent,2026-07-23 15:33,2026-07-23 15:40,0,2026-07-23 15:40,60,2026-07-23 16:40,47,Doctor_1,Nurse_2,Discharged,114
P365,2026-07-23,16:14,Non-Urgent,2026-07-23 16:14,2026-07-23 16:18,0,2026-07-23 16:18,60,2026-07-23 17:18,70,Doctor_3,Nurse_6,Discharged,134
P366,2026-07-23,18:28,Critical,2026-07-23 18:28,2026-07-23 18:31,0,2026-07-23 18:31,21,2026-07-23 18:52,20,Doctor_4,Nurse_1,Discharged,44
P367,2026-07-23,18:59,Urgent,2026-07-23 18:59,2026-07-23 19:17,0,2026-07-23 19:17,14,2026-07-23 19:31,53,Doctor_2,Nurse_4,Discharged,85
P368,2026-07-23,21:30,Non-Urgent,2026-07-23 21:30,2026-07-23 21:39,0,2026-07-23 21:39,23,2026-07-23 22:02,44,Doctor_1,Nurse_6,Admitted,76
P369,2026-07-23,23:46,Urgent,2026-07-23 23:46,2026-07-23 23:53,0,2026-07-23 23:53,21,2026-07-24 00:14,120,Doctor_3,Nurse_1,Discharged,148
P370,2026-07-24,00:41,Non-Urgent,2026-07-24 00:41,2026-07-24 00:51,0,2026-07-24 00:51,5,2026-07-24 00:56,45,Doctor_4,Nurse_4,Discharged,60
P371,2026-07-24,03:44,Non-Urgent,2026-07-24 03:44,2026-07-24 03:57,0,2026-07-24 03:57,25,2026-07-24 04:22,49,Doctor_2,Nurse_6,Discharged,87
P372,2026-07-24,04:23,Critical,2026-07-24 04:23,2026-07-24 04:39,0,2026-07-24 04:39,15,2026-07-24 04:54,44,Doctor_1,Nurse_5,Admitted,75
P373,2026-07-24,05:52,Non-Urgent,2026-07-24 05:52,2026-07-24 05:58,0,2026-07-24 05:58,60,2026-07-24 06:58,23,Doctor_3,Nurse_1,Discharged,89
P374,2026-07-24,05:53,Urgent,2026-07-24 05:53,2026-07-24 05:59,0,2026-07-24 05:59,35,2026-07-24 06:34,26,Doctor_4,Nurse_3,Discharged,67
P375,2026-07-24,07:47,Urgent,2026-07-24 07:47,2026-07-24 07:49,0,2026-07-24 07:49,24,2026-07-24 08:13,64,Doctor_2,Nurse_5,Discharged,90
P376,2026-07-24,10:30,Non-Urgent,2026-07-24 10:30,2026-07-24 10:46,0,2026-07-24 10:46,12,2026-07-24 10:58,79,Doctor_1,Nurse_2,Discharged,107
P377,2026-07-24,11:25,Non-Urgent,2026-07-24 11:25,2026-07-24 11:35,0,2026-07-24 11:35,42,2026-07-24 12:17,66,Doctor_4,Nurse_1,Discharged,118
P378,2026-07-24,12:42,Non-Urgent,2026-07-24 12:42,2026-07-24 12:48,0,2026-07-24 12:48,60,2026-07-24 13:48,34,Doctor_3,Nurse_5,Discharged,100
P379,2026-07-24,13:04,Non-Urgent,2026-07-24 13:04,2026-07-24 13:16,0,2026-07-24 13:16,60,2026-07-24 14:16,31,Doctor_2,Nurse_3,Discharged,103
P380,2026-07-24,13:18,Non-Urgent,2026-07-24 13:18,2026-07-24 13:33,0,2026-07-24 13:33,22,2026-07-24 13:55,47,Doctor_1,Nurse_6,Discharged,84
P381,2026-07-24,13:24,Non-Urgent,2026-07-24 13:24,2026-07-24 13:29,0,2026-07-24 13:29,13,2026-07-24 13:42,99,Doctor_4,Nurse_1,Discharged,117
P382,2026-07-24,13:26,Non-Urgent,2026-07-24 13:29,2026-07-24 13:38,3,2026-07-24 13:42,13,2026-07-24 13:55,56,Doctor_4,Nurse_2,Discharged,85
P383,2026-07-24,14:58,Critical,2026-07-24 14:58,2026-07-24 15:05,0,2026-07-24 15:05,5,2026-07-24 15:10,120,Doctor_3,Nurse_5,Admitted,132
P384,2026-07-24,18:05,Non-Urgent,2026-07-24 18:05,2026-07-24 18:23,0,2026-07-24 18:23,20,2026-07-24 18:43,14,Doctor_1,Nurse_3,Discharged,52
P385,2026-07-24,18:44,Non-Urgent,2026-07-24 18:44,2026-07-24 18:50,0,2026-07-24 18:50,24,2026-07-24 19:14,84,Doctor_4,Nurse_4,Discharged,114
P386,2026-07-24,19:21,Urgent,2026-07-24 19:21,2026-07-24 19:26,0,2026-07-24 19:26,31,2026-07-24 19:57,120,Doctor_2,Nurse_5,Admitted,156
P387,2026-07-24,20:15,Urgent,2026-07-24 20:15,2026-07-24 20:28,0,2026-07-24 20:28,31,2026-07-24 20:59,65,Doctor_3,Nurse_2,Admitted,109
P388,2026-07-24,20:20,Urgent,2026-07-24 20:20,2026-07-24 20:31,0,2026-07-24 20:31,31,2026-07-24 21:02,65,Doctor_1,Nurse_1,Admitted,107
P389,2026-07-24,23:12,Critical,2026-07-24 23:12,2026-07-24 23:14,0,2026-07-24 23:14,12,2026-07-24 23:26,26,Doctor_4,Nurse_3,Discharged,40
P390,2026-07-24,23:53,Non-Urgent,2026-07-24 23:53,2026-07-25 00:11,0,2026-07-25 00:11,18,2026-07-25 00:29,26,Doctor_2,Nurse_5,Discharged,62
P391,2026-07-25,03:45,Urgent,2026-07-25 03:45,2026-07-25 03:50,0,2026-07-25 03:50,24,2026-07-25 04:14,10,Doctor_3,Nurse_1,Discharged,39
P392,2026-07-25,05:21,Non-Urgent,2026-07-25 05:21,2026-07-25 05:30,0,2026-07-25 05:30,8,2026-07-25 05:38,19,Doctor_1,Nurse_3,Discharged,36
P393,2026-07-25,07:05,Non-Urgent,2026-07-25 07:05,2026-07-25 07:08,0,2026-07-25 07:08,23,2026-07-25 07:31,42,Doctor_4,Nurse_5,Discharged,68
P394,2026-07-25,08:21,Non-Urgent,2026-07-25 08:21,2026-07-25 08:25,0,2026-07-25 08:25,9,2026-07-25 08:34,49,Doctor_2,Nurse_1,Discharged,62
P395,2026-07-25,12:09,Urgent,2026-07-25 12:09,2026-07-25 12:16,0,2026-07-25 12:16,49,2026-07-25 13:05,46,Doctor_3,Nurse_3,Discharged,102
P396,2026-07-25,12:25,Urgent,2026-07-25 12:25,2026-07-25 12:27,0,2026-07-25 12:27,50,2026-07-25 13:17,39,Doctor_1,Nurse_5,Discharged,91
P397,2026-07-25,12:33,Non-Urgent,2026-07-25 12:33,2026-07-25 12:36,0,2026-07-25 12:36,60,2026-07-25 13:36,29,Doctor_4,Nurse_1,Discharged,92
P398,2026-07-25,13:19,Non-Urgent,2026-07-25 13:19,2026-07-25 13:31,0,2026-07-25 13:31,16,2026-07-25 13:47,62,Doctor_2,Nurse_4,Discharged,90
P399,2026-07-25,13:50,Urgent,2026-07-25 13:50,2026-07-25 13:59,0,2026-07-25 13:59,10,2026-07-25 14:09,120,Doctor_3,Nurse_6,Discharged,139
P400,2026-07-25,14:19,Non-Urgent,2026-07-25 14:19,2026-07-25 14:37,0,2026-07-25 14:37,19,2026-07-25 14:56,28,Doctor_1,Nurse_5,Discharged,65
P401,2026-07-25,14:42,Urgent,2026-07-25 14:42,2026-07-25 14:48,0,2026-07-25 14:48,45,2026-07-25 15:33,79,Doctor_4,Nurse_1,Admitted,130
P402,2026-07-25,15:21,Non-Urgent,2026-07-25 15:21,2026-07-25 15:29,0,2026-07-25 15:29,60,2026-07-25 16:29,23,Doctor_2,Nurse_2,Discharged,91
P403,2026-07-25,16:27,Critical,2026-07-25 16:27,2026-07-25 16:36,0,2026-07-25 16:36,33,2026-07-25 17:09,12,Doctor_3,Nurse_5,Discharged,54
P404,2026-07-25,16:33,Urgent,2026-07-25 16:33,2026-07-25 16:38,0,2026-07-25 16:38,22,2026-07-25 17:00,98,Doctor_1,Nurse_6,Discharged,125
P405,2026-07-25,17:09,Non-Urgent,2026-07-25 17:09,2026-07-25 17:16,0,2026-07-25 17:16,60,2026-07-25 18:16,38,Doctor_4,Nurse_3,Discharged,105
P406,2026-07-25,18:29,Critical,2026-07-25 18:29,2026-07-25 18:38,0,2026-07-25 18:38,11,2026-07-25 18:49,52,Doctor_2,Nurse_2,Admitted,72
P407,2026-07-25,20:55,Critical,2026-07-25 20:55,2026-07-25 20:58,0,2026-07-25 20:58,8,2026-07-25 21:06,10,Doctor_1,Nurse_5,Admitted,21
P408,2026-07-25,21:23,Critical,2026-07-25 21:23,2026-07-25 21:25,0,2026-07-25 21:25,10,2026-07-25 21:35,60,Doctor_3,Nurse_6,Discharged,72
P409,2026-07-25,22:08,Urgent,2026-07-25 22:08,2026-07-25 22:15,0,2026-07-25 22:15,43,2026-07-25 22:58,65,Doctor_4,Nurse_2,Discharged,115
P410,2026-07-25,22:30,Non-Urgent,2026-07-25 22:30,2026-07-25 22:44,0,2026-07-25 22:44,58,2026-07-25 23:42,93,Doctor_2,Nurse_5,Admitted,165
P411,2026-07-25,23:48,Critical,2026-07-25 23:48,2026-07-25 23:50,0,2026-07-25 23:50,9,2026-07-25 23:59,82,Doctor_1,Nurse_3,Admitted,93
P412,2026-07-25,23:57,Non-Urgent,2026-07-25 23:57,2026-07-26 00:06,0,2026-07-26 00:06,32,2026-07-26 00:38,27,Doctor_3,Nurse_4,Discharged,68
P413,2026-07-26,01:58,Non-Urgent,2026-07-26 01:58,2026-07-26 02:03,0,2026-07-26 02:03,46,2026-07-26 02:49,62,Doctor_4,Nurse_2,Discharged,113
P414,2026-07-26,04:20,Urgent,2026-07-26 04:20,2026-07-26 04:28,0,2026-07-26 04:28,26,2026-07-26 04:54,81,Doctor_2,Nurse_4,Discharged,115
P415,2026-07-26,07:58,Urgent,2026-07-26 07:58,2026-07-26 08:05,0,2026-07-26 08:05,39,2026-07-26 08:44,120,Doctor_1,Nurse_3,Discharged,166
P416,2026-07-26,10:01,Non-Urgent,2026-07-26 10:01,2026-07-26 10:08,0,2026-07-26 10:08,60,2026-07-26 11:08,77,Doctor_3,Nurse_2,Discharged,144
P417,2026-07-26,12:22,Non-Urgent,2026-07-26 12:22,2026-07-26 12:29,0,2026-07-26 12:29,6,2026-07-26 12:35,23,Doctor_4,Nurse_4,Discharged,36
P418,2026-07-26,12:46,Non-Urgent,2026-07-26 12:46,2026-07-26 12:53,0,2026-07-26 12:53,20,2026-07-26 13:13,120,Doctor_2,Nurse_1,Discharged,147
P419,2026-07-26,13:14,Non-Urgent,2026-07-26 13:14,2026-07-26 13:17,0,2026-07-26 13:17,30,2026-07-26 13:47,54,Doctor_1,Nurse_2,Admitted,87
P420,2026-07-26,13:43,Critical,2026-07-26 13:43,2026-07-26 13:51,0,2026-07-26 13:51,16,2026-07-26 14:07,108,Doctor_3,Nurse_5,Admitted,132
P421,2026-07-26,14:26,Urgent,2026-07-26 14:26,2026-07-26 14:28,0,2026-07-26 14:28,60,2026-07-26 15:28,15,Doctor_4,Nurse_3,Admitted,77
P422,2026-07-26,16:08,Non-Urgent,2026-07-26 16:08,2026-07-26 16:24,0,2026-07-26 16:24,39,2026-07-26 17:03,54,Doctor_2,Nurse_4,Discharged,109
P423,2026-07-26,16:22,Urgent,2026-07-26 16:22,2026-07-26 16:25,0,2026-07-26 16:25,12,2026-07-26 16:37,83,Doctor_1,Nurse_1,Discharged,98
P424,2026-07-26,17:40,Non-Urgent,2026-07-26 17:40,2026-07-26 17:55,0,2026-07-26 17:55,53,2026-07-26 18:48,54,Doctor_3,Nurse_5,Discharged,122
P425,2026-07-26,20:12,Non-Urgent,2026-07-26 20:12,2026-07-26 20:16,0,2026-07-26 20:16,30,2026-07-26 20:46,10,Doctor_4,Nurse_2,Discharged,44
P426,2026-07-26,21:52,Non-Urgent,2026-07-26 21:52,2026-07-26 21:58,0,2026-07-26 21:58,5,2026-07-26 22:03,47,Doctor_1,Nurse_4,Admitted,58
P427,2026-07-26,23:32,Urgent,2026-07-26 23:32,2026-07-26 23:45,0,2026-07-26 23:45,60,2026-07-27 00:45,36,Doctor_2,Nurse_5,Discharged,109
P428,2026-07-27,04:14,Urgent,2026-07-27 04:14,2026-07-27 04:18,0,2026-07-27 04:18,60,2026-07-27 05:18,50,Doctor_3,Nurse_2,Admitted,114
P429,2026-07-27,06:51,Urgent,2026-07-27 06:51,2026-07-27 06:55,0,2026-07-27 06:55,15,2026-07-27 07:10,47,Doctor_4,Nurse_4,Discharged,66
P430,2026-07-27,06:57,Urgent,2026-07-27 06:57,2026-07-27 07:00,0,2026-07-27 07:00,34,2026-07-27 07:34,41,Doctor_1,Nurse_5,Discharged,78
P431,2026-07-27,08:09,Non-Urgent,2026-07-27 08:09,2026-07-27 08:19,0,2026-07-27 08:19,28,2026-07-27 08:47,38,Doctor_2,Nurse_2,Discharged,76
P432,2026-07-27,09:32,Critical,2026-07-27 09:32,2026-07-27 09:38,0,2026-07-27 09:38,6,2026-07-27 09:44,30,Doctor_3,Nurse_1,Admitted,42
P433,2026-07-27,10:07,Critical,2026-07-27 10:07,2026-07-27 10:13,0,2026-07-27 10:13,24,2026-07-27 10:37,32,Doctor_4,Nurse_5,Discharged,62
P434,2026-07-27,11:09,Urgent,2026-07-27 11:09,2026-07-27 11:22,0,2026-07-27 11:22,31,2026-07-27 11:53,41,Doctor_1,Nurse_2,Discharged,85
P435,2026-07-27,12:41,Urgent,2026-07-27 12:41,2026-07-27 12:48,0,2026-07-27 12:48,22,2026-07-27 13:10,51,Doctor_2,Nurse_4,Discharged,80
P436,2026-07-27,13:24,Non-Urgent,2026-07-27 13:24,2026-07-27 13:42,0,2026-07-27 13:42,60,2026-07-27 14:42,16,Doctor_3,Nurse_5,Discharged,94
P437,2026-07-27,13:39,Urgent,2026-07-27 13:39,2026-07-27 13:43,0,2026-07-27 13:43,48,2026-07-27 14:31,120,Doctor_4,Nurse_2,Discharged,172
P438,2026-07-27,15:10,Non-Urgent,2026-07-27 15:10,2026-07-27 15:15,0,2026-07-27 15:15,38,2026-07-27 15:53,21,Doctor_1,Nurse_1,Discharged,64
P439,2026-07-27,18:11,Urgent,2026-07-27 18:11,2026-07-27 18:22,0,2026-07-27 18:22,22,2026-07-27 18:44,33,Doctor_2,Nurse_4,Discharged,66
P440,2026-07-27,19:07,Non-Urgent,2026-07-27 19:07,2026-07-27 19:23,0,2026-07-27 19:23,55,2026-07-27 20:18,29,Doctor_4,Nurse_3,Admitted,100
P441,2026-07-27,21:22,Urgent,2026-07-27 21:22,2026-07-27 21:28,0,2026-07-27 21:28,33,2026-07-27 22:01,69,Doctor_3,Nurse_2,Discharged,108
P442,2026-07-28,04:39,Urgent,2026-07-28 04:39,2026-07-28 04:42,0,2026-07-28 04:42,23,2026-07-28 05:05,86,Doctor_1,Nurse_4,Discharged,112
P443,2026-07-28,06:55,Non-Urgent,2026-07-28 06:55,2026-07-28 06:59,0,2026-07-28 06:59,42,2026-07-28 07:41,38,Doctor_2,Nurse_3,Discharged,84
P444,2026-07-28,14:29,Non-Urgent,2026-07-28 14:29,2026-07-28 14:42,0,2026-07-28 14:42,53,2026-07-28 15:35,83,Doctor_4,Nurse_2,Discharged,149
P445,2026-07-28,15:27,Non-Urgent,2026-07-28 15:27,2026-07-28 15:42,0,2026-07-28 15:42,33,2026-07-28 16:15,16,Doctor_3,Nurse_4,Discharged,64
P446,2026-07-28,16:44,Urgent,2026-07-28 16:44,2026-07-28 16:53,0,2026-07-28 16:53,35,2026-07-28 17:28,80,Doctor_1,Nurse_3,Admitted,124
P447,2026-07-28,18:39,Urgent,2026-07-28 18:39,2026-07-28 18:48,0,2026-07-28 18:48,10,2026-07-28 18:58,34,Doctor_2,Nurse_6,Discharged,53
P448,2026-07-28,18:48,Non-Urgent,2026-07-28 18:48,2026-07-28 18:58,0,2026-07-28 18:58,10,2026-07-28 19:08,47,Doctor_4,Nurse_5,Discharged,67
P449,2026-07-28,19:08,Urgent,2026-07-28 19:08,2026-07-28 19:12,0,2026-07-28 19:12,60,2026-07-28 20:12,82,Doctor_3,Nurse_1,Discharged,146
P450,2026-07-28,20:09,Non-Urgent,2026-07-28 20:09,2026-07-28 20:27,0,2026-07-28 20:27,37,2026-07-28 21:04,66,Doctor_1,Nurse_4,Discharged,121
P451,2026-07-28,21:11,Non-Urgent,2026-07-28 21:11,2026-07-28 21:15,0,2026-07-28 21:15,41,2026-07-28 21:56,47,Doctor_2,Nurse_6,Discharged,92
P452,2026-07-28,23:07,Non-Urgent,2026-07-28 23:07,2026-07-28 23:14,0,2026-07-28 23:14,16,2026-07-28 23:30,59,Doctor_4,Nurse_3,Discharged,82
P453,2026-07-28,23:22,Non-Urgent,2026-07-28 23:22,2026-07-28 23:29,0,2026-07-28 23:29,20,2026-07-28 23:49,84,Doctor_3,Nurse_1,Discharged,111
P454,2026-07-29,00:13,Non-Urgent,2026-07-29 00:13,2026-07-29 00:19,0,2026-07-29 00:19,32,2026-07-29 00:51,36,Doctor_1,Nurse_6,Discharged,74
P455,2026-07-29,00:54,Critical,2026-07-29 00:54,2026-07-29 00:59,0,2026-07-29 00:59,13,2026-07-29 01:12,91,Doctor_2,Nurse_2,Admitted,109
P456,2026-07-29,07:36,Critical,2026-07-29 07:36,2026-07-29 07:54,0,2026-07-29 07:54,26,2026-07-29 08:20,87,Doctor_4,Nurse_3,Admitted,131
P457,2026-07-29,10:46,Non-Urgent,2026-07-29 10:46,2026-07-29 10:48,0,2026-07-29 10:48,20,2026-07-29 11:08,67,Doctor_3,Nurse_1,Discharged,89
P458,2026-07-29,11:31,Urgent,2026-07-29 11:31,2026-07-29 11:34,0,2026-07-29 11:34,25,2026-07-29 11:59,109,Doctor_1,Nurse_2,Discharged,137
P459,2026-07-29,12:28,Urgent,2026-07-29 12:28,2026-07-29 12:34,0,2026-07-29 12:34,60,2026-07-29 13:34,77,Doctor_2,Nurse_3,Discharged,143
P460,2026-07-29,14:01,Urgent,2026-07-29 14:01,2026-07-29 14:05,0,2026-07-29 14:05,60,2026-07-29 15:05,89,Doctor_4,Nurse_6,Discharged,153
P461,2026-07-29,15:45,Non-Urgent,2026-07-29 15:45,2026-07-29 16:03,0,2026-07-29 16:03,22,2026-07-29 16:25,60,Doctor_3,Nurse_4,Discharged,100
P462,2026-07-29,15:45,Non-Urgent,2026-07-29 15:45,2026-07-29 15:56,0,2026-07-29 15:56,42,2026-07-29 16:38,87,Doctor_1,Nurse_5,Discharged,140
P463,2026-07-29,18:34,Non-Urgent,2026-07-29 18:34,2026-07-29 18:37,0,2026-07-29 18:37,39,2026-07-29 19:16,29,Doctor_2,Nurse_2,Discharged,71
P464,2026-07-29,18:46,Urgent,2026-07-29 18:46,2026-07-29 18:57,0,2026-07-29 18:57,17,2026-07-29 19:14,80,Doctor_4,Nurse_6,Discharged,108
P465,2026-07-29,18:47,Urgent,2026-07-29 18:47,2026-07-29 18:56,0,2026-07-29 18:56,11,2026-07-29 19:07,70,Doctor_3,Nurse_5,Discharged,90
P466,2026-07-29,20:41,Non-Urgent,2026-07-29 20:41,2026-07-29 20:44,0,2026-07-29 20:44,49,2026-07-29 21:33,43,Doctor_1,Nurse_4,Discharged,95
P467,2026-07-29,22:24,Urgent,2026-07-29 22:24,2026-07-29 22:27,0,2026-07-29 22:27,7,2026-07-29 22:34,120,Doctor_3,Nurse_2,Discharged,130
P468,2026-07-29,22:31,Non-Urgent,2026-07-29 22:31,2026-07-29 22:43,0,2026-07-29 22:43,11,2026-07-29 22:54,48,Doctor_4,Nurse_6,Discharged,71
P469,2026-07-30,02:36,Non-Urgent,2026-07-30 02:36,2026-07-30 02:40,0,2026-07-30 02:40,34,2026-07-30 03:14,27,Doctor_2,Nurse_4,Discharged,65
P470,2026-07-30,03:29,Critical,2026-07-30 03:29,2026-07-30 03:33,0,2026-07-30 03:33,10,2026-07-30 03:43,29,Doctor_1,Nurse_5,Admitted,43
P471,2026-07-30,08:39,Critical,2026-07-30 08:39,2026-07-30 08:46,0,2026-07-30 08:46,5,2026-07-30 08:51,38,Doctor_3,Nurse_2,Admitted,50
P472,2026-07-30,08:49,Urgent,2026-07-30 08:49,2026-07-30 08:58,0,2026-07-30 08:58,40,2026-07-30 09:38,56,Doctor_4,Nurse_1,Discharged,105
P473,2026-07-30,09:21,Non-Urgent,2026-07-30 09:21,2026-07-30 09:29,0,2026-07-30 09:29,60,2026-07-30 10:29,46,Doctor_2,Nurse_5,Discharged,114
P474,2026-07-30,10:01,Non-Urgent,2026-07-30 10:01,2026-07-30 10:19,0,2026-07-30 10:19,28,2026-07-30 10:47,62,Doctor_1,Nurse_3,Discharged,108
P475,2026-07-30,10:35,Urgent,2026-07-30 10:35,2026-07-30 10:37,0,2026-07-30 10:37,22,2026-07-30 10:59,120,Doctor_3,Nurse_4,Discharged,144
P476,2026-07-30,12:15,Non-Urgent,2026-07-30 12:15,2026-07-30 12:21,0,2026-07-30 12:21,60,2026-07-30 13:21,19,Doctor_4,Nurse_1,Discharged,85
P477,2026-07-30,12:16,Urgent,2026-07-30 12:16,2026-07-30 12:18,0,2026-07-30 12:18,16,2026-07-30 12:34,45,Doctor_2,Nurse_5,Discharged,63
P478,2026-07-30,15:45,Urgent,2026-07-30 15:45,2026-07-30 15:49,0,2026-07-30 15:49,28,2026-07-30 16:17,120,Doctor_1,Nurse_2,Discharged,152
P479,2026-07-30,15:54,Non-Urgent,2026-07-30 15:54,2026-07-30 15:58,0,2026-07-30 15:58,37,2026-07-30 16:35,67,Doctor_3,Nurse_4,Discharged,108
P480,2026-07-30,16:09,Critical,2026-07-30 16:09,2026-07-30 16:15,0,2026-07-30 16:15,25,2026-07-30 16:40,70,Doctor_2,Nurse_1,Discharged,101
P481,2026-07-30,16:25,Urgent,2026-07-30 16:25,2026-07-30 16:31,0,2026-07-30 16:31,31,2026-07-30 17:02,104,Doctor_4,Nurse_6,Admitted,141
P482,2026-07-30,18:00,Non-Urgent,2026-07-30 18:00,2026-07-30 18:10,0,2026-07-30 18:10,46,2026-07-30 18:56,25,Doctor_1,Nurse_3,Discharged,81
P483,2026-07-30,19:30,Urgent,2026-07-30 19:30,2026-07-30 19:44,0,2026-07-30 19:44,24,2026-07-30 20:08,62,Doctor_3,Nurse_1,Discharged,100
P484,2026-07-30,19:48,Non-Urgent,2026-07-30 19:48,2026-07-30 20:06,0,2026-07-30 20:06,13,2026-07-30 20:19,10,Doctor_2,Nurse_2,Discharged,41
P485,2026-07-30,21:40,Urgent,2026-07-30 21:40,2026-07-30 21:45,0,2026-07-30 21:45,37,2026-07-30 22:22,120,Doctor_4,Nurse_3,Discharged,162
P486,2026-07-31,01:27,Critical,2026-07-31 01:27,2026-07-31 01:31,0,2026-07-31 01:31,35,2026-07-31 02:06,66,Doctor_1,Nurse_5,Admitted,105
P487,2026-07-31,09:57,Urgent,2026-07-31 09:57,2026-07-31 10:02,0,2026-07-31 10:02,45,2026-07-31 10:47,30,Doctor_3,Nurse_1,Discharged,80
P488,2026-07-31,10:50,Urgent,2026-07-31 10:50,2026-07-31 10:57,0,2026-07-31 10:57,16,2026-07-31 11:13,120,Doctor_2,Nurse_3,Discharged,143
P489,2026-07-31,11:43,Urgent,2026-07-31 11:43,2026-07-31 11:46,0,2026-07-31 11:46,60,2026-07-31 12:46,50,Doctor_4,Nurse_5,Discharged,113
P490,2026-07-31,12:49,Urgent,2026-07-31 12:49,2026-07-31 12:58,0,2026-07-31 12:58,30,2026-07-31 13:28,120,Doctor_1,Nurse_6,Discharged,159
P491,2026-07-31,13:43,Non-Urgent,2026-07-31 13:43,2026-07-31 13:59,0,2026-07-31 13:59,16,2026-07-31 14:15,10,Doctor_3,Nurse_4,Discharged,42
P492,2026-07-31,16:28,Urgent,2026-07-31 16:28,2026-07-31 16:41,0,2026-07-31 16:41,60,2026-07-31 17:41,38,Doctor_2,Nurse_3,Discharged,111
P493,2026-07-31,16:54,Urgent,2026-07-31 16:54,2026-07-31 17:01,0,2026-07-31 17:01,49,2026-07-31 17:50,120,Doctor_4,Nurse_1,Discharged,176
P494,2026-07-31,17:30,Critical,2026-07-31 17:30,2026-07-31 17:36,0,2026-07-31 17:36,31,2026-07-31 18:07,80,Doctor_1,Nurse_6,Admitted,117
P495,2026-07-31,18:47,Urgent,2026-07-31 18:47,2026-07-31 18:52,0,2026-07-31 18:52,48,2026-07-31 19:40,120,Doctor_3,Nurse_5,Discharged,173
P496,2026-07-31,19:14,Urgent,2026-07-31 19:14,2026-07-31 19:21,0,2026-07-31 19:21,43,2026-07-31 20:04,43,Doctor_2,Nurse_3,Admitted,93
P497,2026-07-31,19:32,Non-Urgent,2026-07-31 19:32,2026-07-31 19:37,0,2026-07-31 19:37,23,2026-07-31 20:00,59,Doctor_4,Nurse_4,Discharged,87
P498,2026-07-31,20:02,Urgent,2026-07-31 20:02,2026-07-31 20:04,0,2026-07-31 20:04,46,2026-07-31 20:50,31,Doctor_1,Nurse_2,Admitted,79
P499,2026-07-31,21:05,Non-Urgent,2026-07-31 21:05,2026-07-31 21:09,0,2026-07-31 21:09,28,2026-07-31 21:37,93,Doctor_3,Nurse_6,Discharged,125
P500,2026-07-31,22:38,Non-Urgent,2026-07-31 22:38,2026-07-31 22:55,0,2026-07-31 22:55,26,2026-07-31 23:21,26,Doctor_4,Nurse_4,Discharged,69
